edge_id,source_strut_id,node_u,node_v,phase2b4_automated_review_label,phase2b4_automated_review_status,phase2c_triage_bucket,phase2c_label,phase2c_status,phase2c_confidence_tier,phase2c_reason,phase2c_changed_from_phase2b4,phase2b3_missing_evidence_count,ct_anomaly_rank,ct_missing_material_anomaly_score,occupied_axial_fraction,longest_low_area_gap_fraction,area_mean_voxels2,core_minus_background_contrast,negative_template_residual,bridge_connected_26,threshold_stability_occupied_fraction_range,local_registration_stability_voxels,orientation_key,boundary_bin,spatial_region
E_N003450_N004589,8164,N003450,N004589,auto_supported_possible_unintended_missing,auto_supported_spotcheck_recommended,possible_missing_boundary,phase2c_auto_supported_possible_unintended_missing,auto_supported_spotcheck_recommended,high,phase2b4_possible_missing_preserved,false,7,22,5.85,0.0,1.0,0.0,-1.853582554517134,4.0,False,0.0,0.746535745630109,ori011,boundary,r101
E_N006559_N007697,13665,N006559,N007697,auto_supported_possible_unintended_missing,auto_supported_spotcheck_recommended,possible_missing_instability_or_evidence_shortfall,phase2c_auto_supported_possible_unintended_missing,auto_supported_spotcheck_recommended,high,phase2b4_possible_missing_preserved,false,7,36,5.6499999999999995,0.0,1.0,0.0,-1.2220367278797997,3.8,False,0.0,0.9620420765243515,ori011,near_boundary,r022
E_N003466_N003471,6166,N003466,N003471,auto_supported_possible_unintended_disconnected,auto_supported_spotcheck_recommended,possible_disconnected_instability_or_evidence_shortfall,phase2c_auto_supported_possible_unintended_disconnected,auto_supported_spotcheck_recommended,high,phase2b4_possible_disconnected_preserved,false,5,37,5.6,0.125,0.875,1.875,-1.4650602409638553,4.0,False,0.0,0.43119795608877887,ori011,boundary,r101
E_N004584_N004604,8170,N004584,N004604,auto_supported_possible_unintended_disconnected,auto_supported_spotcheck_recommended,possible_disconnected_instability_or_evidence_shortfall,phase2c_auto_supported_possible_unintended_disconnected,auto_supported_spotcheck_recommended,high,phase2b4_possible_disconnected_preserved,false,5,38,5.6,0.125,0.875,1.625,-1.0303687635574836,4.0,False,0.0,1.362705860333376,ori101,boundary,r101
E_N003452_N003456,6141,N003452,N003456,auto_supported_possible_unintended_disconnected,auto_supported_spotcheck_recommended,possible_disconnected_instability_or_evidence_shortfall,phase2c_auto_supported_possible_unintended_disconnected,auto_supported_spotcheck_recommended,high,phase2b4_possible_disconnected_preserved,false,5,43,5.360416666666667,0.25,0.75,3.7916666666666665,-1.324009324009324,4.0,False,0.04166666666666666,1.3124555873144264,ori011,boundary,r101
E_N001012_N001016,3779,N001012,N001016,auto_supported_possible_unintended_missing,auto_supported_spotcheck_recommended,possible_missing_boundary,phase2c_auto_supported_possible_unintended_missing,auto_supported_spotcheck_recommended,high,phase2b4_possible_missing_preserved,false,7,44,5.35,0.0,1.0,0.0,-1.5656292286874154,3.5,False,0.0,0.944028226140081,ori110,boundary,r020
E_N003436_N003452,8136,N003436,N003452,auto_supported_possible_unintended_missing,auto_supported_spotcheck_recommended,possible_missing_boundary,phase2c_auto_supported_possible_unintended_missing,auto_supported_spotcheck_recommended,high,phase2b4_possible_missing_preserved,false,7,50,5.3277777777777775,0.0,1.0,0.0,-2.9194729136163984,3.477777777777778,False,0.0,0.8461977778872906,ori110,boundary,r101
E_N003450_N003455,6151,N003450,N003455,auto_supported_possible_unintended_disconnected,auto_supported_spotcheck_recommended,possible_disconnected_instability_or_evidence_shortfall,phase2c_auto_supported_possible_unintended_disconnected,auto_supported_spotcheck_recommended,high,phase2b4_possible_disconnected_preserved,false,5,52,5.266666666666667,0.2916666666666667,0.7083333333333334,4.75,-1.1143617021276595,4.0,False,0.0,0.746535745630109,ori011,boundary,r101
E_N001012_N002152,3781,N001012,N002152,manual_review_possible_unintended_missing,blocked_manual_review,possible_missing_boundary,phase2c_auto_supported_possible_unintended_missing,auto_supported_spotcheck_recommended,moderate_with_boundary_or_stability_caution,second_pass_zero_material_body_despite_bounded_instability,true,7,53,5.25,0.0,1.0,0.0,-0.8333333333333334,3.4,False,0.0,2.5,ori011,boundary,r020
E_N005369_N005375,9735,N005369,N005375,auto_supported_possible_unintended_disconnected,auto_supported_spotcheck_recommended,possible_disconnected_instability_or_evidence_shortfall,phase2c_auto_supported_possible_unintended_disconnected,auto_supported_spotcheck_recommended,high,phase2b4_possible_disconnected_preserved,false,5,56,5.220833333333332,0.375,0.625,2.8333333333333335,-0.14068441064638784,4.1,False,0.08333333333333337,0.7271783309717661,ori101,interior,r121
E_N008967_N010105,18249,N008967,N010105,auto_supported_possible_unintended_disconnected,auto_supported_spotcheck_recommended,possible_disconnected_instability_or_evidence_shortfall,phase2c_auto_supported_possible_unintended_disconnected,auto_supported_spotcheck_recommended,high,phase2b4_possible_disconnected_preserved,false,6,58,5.177083333333334,0.041666666666666664,0.9583333333333334,0.5416666666666666,-1.2949526813880126,3.4,False,0.041666666666666664,0.07914954092052917,ori011,boundary,r022
E_N010102_N010107,18238,N010102,N010107,auto_supported_possible_unintended_disconnected,auto_supported_spotcheck_recommended,possible_disconnected_instability_or_evidence_shortfall,phase2c_auto_supported_possible_unintended_disconnected,auto_supported_spotcheck_recommended,high,phase2b4_possible_disconnected_preserved,false,5,62,4.864583333333333,0.20833333333333334,0.7916666666666666,3.7916666666666665,-0.14808539478143,3.4,False,0.12500000000000003,0.3313148412063725,ori011,boundary,r022
E_N003466_N004589,8173,N003466,N004589,auto_supported_possible_unintended_disconnected,auto_supported_spotcheck_recommended,possible_disconnected_instability_or_evidence_shortfall,phase2c_auto_supported_possible_unintended_disconnected,auto_supported_spotcheck_recommended,high,phase2b4_possible_disconnected_preserved,false,5,65,4.815201465201466,0.3333333333333333,0.6666666666666666,9.083333333333334,-0.6017191977077364,3.6318681318681323,False,0.0,0.6776319103752094,ori101,boundary,r101
E_N005471_N005482,9712,N005471,N005482,auto_supported_possible_unintended_disconnected,auto_supported_spotcheck_recommended,possible_disconnected_instability_or_evidence_shortfall,phase2c_auto_supported_possible_unintended_disconnected,auto_supported_spotcheck_recommended,high,phase2b4_possible_disconnected_preserved,false,5,66,4.754166666666666,0.4583333333333333,0.5416666666666666,4.916666666666667,-0.07240293809024134,3.8,False,0.08333333333333331,0.623429721924757,ori101,near_boundary,r121
E_N003450_N003466,8160,N003450,N003466,auto_supported_possible_unintended_disconnected,auto_supported_spotcheck_recommended,possible_disconnected_instability_or_evidence_shortfall,phase2c_auto_supported_possible_unintended_disconnected,auto_supported_spotcheck_recommended,high,phase2b4_possible_disconnected_preserved,false,5,68,4.654166666666666,0.20833333333333334,0.7916666666666666,4.0,-1.5276273022751896,3.2,False,0.08333333333333334,0.746535745630109,ori110,boundary,r101
E_N008995_N008996,18274,N008995,N008996,auto_supported_possible_unintended_missing,auto_supported_spotcheck_recommended,possible_missing_boundary,phase2c_auto_supported_possible_unintended_missing,auto_supported_spotcheck_recommended,high,phase2b4_possible_missing_preserved,false,7,75,4.25,0.0,1.0,0.0,-2.1859799713876966,2.4,False,0.0,0.39161945084569816,ori110,boundary,r122
E_N001010_N001021,1772,N001010,N001021,manual_review_possible_unintended_missing,blocked_manual_review,possible_missing_boundary,phase2c_auto_supported_possible_unintended_missing,auto_supported_spotcheck_recommended,moderate_with_boundary_or_stability_caution,second_pass_zero_material_body_despite_bounded_instability,true,6,93,3.7944444444444447,0.0,1.0,0.0,0.3584474885844749,1.9444444444444444,False,0.0,0.0,ori101,boundary,r020
E_N001010_N001035,1801,N001010,N001035,auto_supported_possible_unintended_missing,auto_supported_spotcheck_recommended,possible_missing_boundary,phase2c_auto_supported_possible_unintended_missing,auto_supported_spotcheck_recommended,high,phase2b4_possible_missing_preserved,false,7,94,3.7944444444444447,0.0,1.0,0.0,-0.39952153110047844,1.9444444444444444,False,0.0,0.0,ori101,boundary,r020
E_N001011_N001021,1773,N001011,N001021,auto_supported_possible_unintended_missing,auto_supported_spotcheck_recommended,possible_missing_boundary,phase2c_auto_supported_possible_unintended_missing,auto_supported_spotcheck_recommended,high,phase2b4_possible_missing_preserved,false,7,95,3.7944444444444447,0.0,1.0,0.0,-0.41308243727598565,1.9444444444444444,False,0.0,0.0,ori101,boundary,r020
E_N001012_N001021,1774,N001012,N001021,manual_review_possible_unintended_missing,blocked_manual_review,possible_missing_boundary,phase2c_auto_supported_possible_unintended_missing,auto_supported_spotcheck_recommended,moderate_with_boundary_or_stability_caution,second_pass_zero_material_body_despite_bounded_instability,true,6,96,3.7944444444444447,0.0,1.0,0.0,0.12941176470588237,1.9444444444444444,False,0.0,0.0,ori101,boundary,r020
E_N001012_N002155,3789,N001012,N002155,auto_supported_possible_unintended_missing,auto_supported_spotcheck_recommended,possible_missing_boundary,phase2c_auto_supported_possible_unintended_missing,auto_supported_spotcheck_recommended,high,phase2b4_possible_missing_preserved,false,7,97,3.7944444444444447,0.0,1.0,0.0,-0.45707070707070707,1.9444444444444444,False,0.0,0.0,ori101,boundary,r020
E_N001015_N001021,1775,N001015,N001021,auto_supported_possible_unintended_missing,auto_supported_spotcheck_recommended,possible_missing_boundary,phase2c_auto_supported_possible_unintended_missing,auto_supported_spotcheck_recommended,high,phase2b4_possible_missing_preserved,false,7,98,3.7944444444444447,0.0,1.0,0.0,-0.9197994987468672,1.9444444444444444,False,0.0,0.0,ori101,boundary,r020
E_N001015_N001035,1802,N001015,N001035,manual_review_possible_unintended_missing,blocked_manual_review,possible_missing_boundary,phase2c_auto_supported_possible_unintended_missing,auto_supported_spotcheck_recommended,moderate_with_boundary_or_stability_caution,second_pass_zero_material_body_despite_bounded_instability,true,6,99,3.7944444444444447,0.0,1.0,0.0,0.21957671957671956,1.9444444444444444,False,0.0,0.0,ori101,boundary,r020
E_N001015_N002155,3788,N001015,N002155,manual_review_possible_unintended_missing,blocked_manual_review,possible_missing_boundary,phase2c_auto_supported_possible_unintended_missing,auto_supported_spotcheck_recommended,moderate_with_boundary_or_stability_caution,second_pass_zero_material_body_despite_bounded_instability,true,6,100,3.7944444444444447,0.0,1.0,0.0,0.0498220640569395,1.9444444444444444,False,0.0,0.0,ori101,boundary,r020
E_N001015_N002169,3817,N001015,N002169,auto_supported_possible_unintended_missing,auto_supported_spotcheck_recommended,possible_missing_boundary,phase2c_auto_supported_possible_unintended_missing,auto_supported_spotcheck_recommended,high,phase2b4_possible_missing_preserved,false,7,101,3.7944444444444447,0.0,1.0,0.0,-0.5486284289276808,1.9444444444444444,False,0.0,0.0,ori101,boundary,r020
E_N001024_N001035,1800,N001024,N001035,manual_review_possible_unintended_missing,blocked_manual_review,possible_missing_boundary,phase2c_auto_supported_possible_unintended_missing,auto_supported_spotcheck_recommended,moderate_with_boundary_or_stability_caution,second_pass_zero_material_body_despite_bounded_instability,true,6,102,3.7944444444444447,0.0,1.0,0.0,0.05664488017429194,1.9444444444444444,False,0.0,0.0,ori101,boundary,r020
E_N001024_N001049,1829,N001024,N001049,auto_supported_possible_unintended_missing,auto_supported_spotcheck_recommended,possible_missing_boundary,phase2c_auto_supported_possible_unintended_missing,auto_supported_spotcheck_recommended,high,phase2b4_possible_missing_preserved,false,7,103,3.7944444444444447,0.0,1.0,0.0,-0.10535405872193437,1.9444444444444444,False,0.0,0.0,ori101,boundary,r020
E_N001029_N001035,1803,N001029,N001035,auto_supported_possible_unintended_missing,auto_supported_spotcheck_recommended,possible_missing_boundary,phase2c_auto_supported_possible_unintended_missing,auto_supported_spotcheck_recommended,high,phase2b4_possible_missing_preserved,false,7,104,3.7944444444444447,0.0,1.0,0.0,-1.093189964157706,1.9444444444444444,False,0.0,0.0,ori101,boundary,r020
E_N001029_N001049,1830,N001029,N001049,manual_review_possible_unintended_missing,blocked_manual_review,possible_missing_boundary,phase2c_auto_supported_possible_unintended_missing,auto_supported_spotcheck_recommended,moderate_with_boundary_or_stability_caution,second_pass_zero_material_body_despite_bounded_instability,true,6,105,3.7944444444444447,0.0,1.0,0.0,0.25229357798165136,1.9444444444444444,False,0.0,0.0,ori101,boundary,r020
E_N001029_N002169,3816,N001029,N002169,manual_review_possible_unintended_missing,blocked_manual_review,possible_missing_boundary,phase2c_auto_supported_possible_unintended_missing,auto_supported_spotcheck_recommended,moderate_with_boundary_or_stability_caution,second_pass_zero_material_body_despite_bounded_instability,true,6,106,3.7944444444444447,0.0,1.0,0.0,0.04339622641509434,1.9444444444444444,False,0.0,0.0,ori101,boundary,r020
E_N001029_N002183,3845,N001029,N002183,auto_supported_possible_unintended_missing,auto_supported_spotcheck_recommended,possible_missing_boundary,phase2c_auto_supported_possible_unintended_missing,auto_supported_spotcheck_recommended,high,phase2b4_possible_missing_preserved,false,7,107,3.7944444444444447,0.0,1.0,0.0,-0.6932367149758454,1.9444444444444444,False,0.0,0.0,ori101,boundary,r020
E_N001038_N001049,1828,N001038,N001049,manual_review_possible_unintended_missing,blocked_manual_review,possible_missing_boundary,phase2c_auto_supported_possible_unintended_missing,auto_supported_spotcheck_recommended,moderate_with_boundary_or_stability_caution,second_pass_zero_material_body_despite_bounded_instability,true,6,108,3.7944444444444447,0.0,1.0,0.0,0.06852248394004283,1.9444444444444444,False,0.0,0.0,ori101,boundary,r020
E_N001043_N001049,1831,N001043,N001049,auto_supported_possible_unintended_missing,auto_supported_spotcheck_recommended,possible_missing_boundary,phase2c_auto_supported_possible_unintended_missing,auto_supported_spotcheck_recommended,high,phase2b4_possible_missing_preserved,false,7,109,3.7944444444444447,0.0,1.0,0.0,-0.14320388349514562,1.9444444444444444,False,0.0,0.0,ori101,boundary,r020
E_N001043_N002183,3844,N001043,N002183,manual_review_possible_unintended_missing,blocked_manual_review,possible_missing_boundary,phase2c_auto_supported_possible_unintended_missing,auto_supported_spotcheck_recommended,moderate_with_boundary_or_stability_caution,second_pass_zero_material_body_despite_bounded_instability,true,6,110,3.7944444444444447,0.0,1.0,0.0,0.26057906458797325,1.9444444444444444,False,0.0,0.0,ori101,boundary,r020
E_N002146_N002155,3790,N002146,N002155,manual_review_possible_unintended_missing,blocked_manual_review,possible_missing_boundary,phase2c_auto_supported_possible_unintended_missing,auto_supported_spotcheck_recommended,moderate_with_boundary_or_stability_caution,second_pass_zero_material_body_despite_bounded_instability,true,6,111,3.7944444444444447,0.0,1.0,0.0,0.3010752688172043,1.9444444444444444,False,0.0,0.0,ori101,boundary,r020
E_N002146_N003289,5805,N002146,N003289,auto_supported_possible_unintended_missing,auto_supported_spotcheck_recommended,possible_missing_boundary,phase2c_auto_supported_possible_unintended_missing,auto_supported_spotcheck_recommended,high,phase2b4_possible_missing_preserved,false,7,112,3.7944444444444447,0.0,1.0,0.0,-0.9662027833001988,1.9444444444444444,False,0.0,0.0,ori101,boundary,r020
E_N002149_N002155,3791,N002149,N002155,auto_supported_possible_unintended_missing,auto_supported_spotcheck_recommended,possible_missing_boundary,phase2c_auto_supported_possible_unintended_missing,auto_supported_spotcheck_recommended,high,phase2b4_possible_missing_preserved,false,7,113,3.7944444444444447,0.0,1.0,0.0,-1.1984924623115578,1.9444444444444444,False,0.0,0.0,ori101,boundary,r020
E_N002149_N002169,3818,N002149,N002169,manual_review_possible_unintended_missing,blocked_manual_review,possible_missing_boundary,phase2c_auto_supported_possible_unintended_missing,auto_supported_spotcheck_recommended,moderate_with_boundary_or_stability_caution,second_pass_zero_material_body_despite_bounded_instability,true,6,114,3.7944444444444447,0.0,1.0,0.0,0.2911764705882353,1.9444444444444444,False,0.0,0.0,ori101,boundary,r020
E_N002149_N003289,5804,N002149,N003289,auto_supported_possible_unintended_missing,auto_supported_spotcheck_recommended,possible_missing_boundary,phase2c_auto_supported_possible_unintended_missing,auto_supported_spotcheck_recommended,high,phase2b4_possible_missing_preserved,false,7,115,3.7944444444444447,0.0,1.0,0.0,-0.12634408602150538,1.9444444444444444,False,0.0,0.0,ori101,boundary,r020
E_N002149_N003303,5833,N002149,N003303,auto_supported_possible_unintended_missing,auto_supported_spotcheck_recommended,possible_missing_boundary,phase2c_auto_supported_possible_unintended_missing,auto_supported_spotcheck_recommended,high,phase2b4_possible_missing_preserved,false,7,116,3.7944444444444447,0.0,1.0,0.0,-1.2020460358056266,1.9444444444444444,False,0.0,0.0,ori101,boundary,r020
E_N002163_N002169,3819,N002163,N002169,auto_supported_possible_unintended_missing,auto_supported_spotcheck_recommended,possible_missing_boundary,phase2c_auto_supported_possible_unintended_missing,auto_supported_spotcheck_recommended,high,phase2b4_possible_missing_preserved,false,7,117,3.7944444444444447,0.0,1.0,0.0,-0.768595041322314,1.9444444444444444,False,0.0,0.0,ori101,boundary,r020
E_N002163_N002183,3846,N002163,N002183,auto_supported_possible_unintended_missing,auto_supported_spotcheck_recommended,possible_missing_boundary,phase2c_auto_supported_possible_unintended_missing,auto_supported_spotcheck_recommended,high,phase2b4_possible_missing_preserved,false,7,118,3.7944444444444447,0.0,1.0,0.0,-0.09090909090909091,1.9444444444444444,False,0.0,0.0,ori101,boundary,r020
E_N002163_N003303,5832,N002163,N003303,auto_supported_possible_unintended_missing,auto_supported_spotcheck_recommended,possible_missing_boundary,phase2c_auto_supported_possible_unintended_missing,auto_supported_spotcheck_recommended,high,phase2b4_possible_missing_preserved,false,7,119,3.7944444444444447,0.0,1.0,0.0,-0.7077922077922078,1.9444444444444444,False,0.0,0.0,ori101,boundary,r020
E_N002163_N003317,5861,N002163,N003317,auto_supported_possible_unintended_missing,auto_supported_spotcheck_recommended,possible_missing_boundary,phase2c_auto_supported_possible_unintended_missing,auto_supported_spotcheck_recommended,high,phase2b4_possible_missing_preserved,false,7,120,3.7944444444444447,0.0,1.0,0.0,-0.9728997289972899,1.9444444444444444,False,0.0,0.0,ori101,boundary,r020
E_N002177_N002183,3847,N002177,N002183,auto_supported_possible_unintended_missing,auto_supported_spotcheck_recommended,possible_missing_boundary,phase2c_auto_supported_possible_unintended_missing,auto_supported_spotcheck_recommended,high,phase2b4_possible_missing_preserved,false,7,121,3.7944444444444447,0.0,1.0,0.0,-0.5968586387434555,1.9444444444444444,False,0.0,0.0,ori101,boundary,r020
E_N002177_N003317,5860,N002177,N003317,auto_supported_possible_unintended_missing,auto_supported_spotcheck_recommended,possible_missing_boundary,phase2c_auto_supported_possible_unintended_missing,auto_supported_spotcheck_recommended,high,phase2b4_possible_missing_preserved,false,7,122,3.7944444444444447,0.0,1.0,0.0,-0.5862884160756501,1.9444444444444444,False,0.0,0.0,ori101,boundary,r020
E_N003280_N003289,5806,N003280,N003289,auto_supported_possible_unintended_missing,auto_supported_spotcheck_recommended,possible_missing_boundary,phase2c_auto_supported_possible_unintended_missing,auto_supported_spotcheck_recommended,high,phase2b4_possible_missing_preserved,false,7,123,3.7944444444444447,0.0,1.0,0.0,-0.17058823529411765,1.9444444444444444,False,0.0,0.0,ori101,boundary,r020
E_N003280_N004423,7821,N003280,N004423,auto_supported_possible_unintended_missing,auto_supported_spotcheck_recommended,possible_missing_boundary,phase2c_auto_supported_possible_unintended_missing,auto_supported_spotcheck_recommended,high,phase2b4_possible_missing_preserved,false,7,124,3.7944444444444447,0.0,1.0,0.0,-1.08,1.9444444444444444,False,0.0,0.0,ori101,boundary,r021
E_N003283_N003289,5807,N003283,N003289,auto_supported_possible_unintended_missing,auto_supported_spotcheck_recommended,possible_missing_boundary,phase2c_auto_supported_possible_unintended_missing,auto_supported_spotcheck_recommended,high,phase2b4_possible_missing_preserved,false,7,125,3.7944444444444447,0.0,1.0,0.0,-1.0628019323671498,1.9444444444444444,False,0.0,0.0,ori101,boundary,r020
E_N003283_N003303,5834,N003283,N003303,auto_supported_possible_unintended_missing,auto_supported_spotcheck_recommended,possible_missing_boundary,phase2c_auto_supported_possible_unintended_missing,auto_supported_spotcheck_recommended,high,phase2b4_possible_missing_preserved,false,7,126,3.7944444444444447,0.0,1.0,0.0,-0.5177304964539007,1.9444444444444444,False,0.0,0.0,ori101,boundary,r020
E_N003283_N004423,7820,N003283,N004423,auto_supported_possible_unintended_missing,auto_supported_spotcheck_recommended,possible_missing_boundary,phase2c_auto_supported_possible_unintended_missing,auto_supported_spotcheck_recommended,high,phase2b4_possible_missing_preserved,false,7,127,3.7944444444444447,0.0,1.0,0.0,-0.5137844611528822,1.9444444444444444,False,0.0,0.0,ori101,boundary,r021
E_N003283_N004437,7849,N003283,N004437,auto_supported_possible_unintended_missing,auto_supported_spotcheck_recommended,possible_missing_boundary,phase2c_auto_supported_possible_unintended_missing,auto_supported_spotcheck_recommended,high,phase2b4_possible_missing_preserved,false,7,128,3.7944444444444447,0.0,1.0,0.0,-1.2219451371571073,1.9444444444444444,False,0.0,0.0,ori101,boundary,r021
E_N003297_N003303,5835,N003297,N003303,auto_supported_possible_unintended_missing,auto_supported_spotcheck_recommended,possible_missing_boundary,phase2c_auto_supported_possible_unintended_missing,auto_supported_spotcheck_recommended,high,phase2b4_possible_missing_preserved,false,7,129,3.7944444444444447,0.0,1.0,0.0,-1.4953271028037383,1.9444444444444444,False,0.0,0.0,ori101,boundary,r020
E_N003297_N003317,5862,N003297,N003317,auto_supported_possible_unintended_missing,auto_supported_spotcheck_recommended,possible_missing_boundary,phase2c_auto_supported_possible_unintended_missing,auto_supported_spotcheck_recommended,high,phase2b4_possible_missing_preserved,false,7,130,3.7944444444444447,0.0,1.0,0.0,-0.8249336870026526,1.9444444444444444,False,0.0,0.0,ori101,boundary,r020
E_N003297_N004437,7848,N003297,N004437,auto_supported_possible_unintended_missing,auto_supported_spotcheck_recommended,possible_missing_boundary,phase2c_auto_supported_possible_unintended_missing,auto_supported_spotcheck_recommended,high,phase2b4_possible_missing_preserved,false,7,131,3.7944444444444447,0.0,1.0,0.0,-0.6367924528301887,1.9444444444444444,False,0.0,0.0,ori101,boundary,r021
E_N003297_N004451,7877,N003297,N004451,auto_supported_possible_unintended_missing,auto_supported_spotcheck_recommended,possible_missing_boundary,phase2c_auto_supported_possible_unintended_missing,auto_supported_spotcheck_recommended,high,phase2b4_possible_missing_preserved,false,7,132,3.7944444444444447,0.0,1.0,0.0,-0.7869674185463659,1.9444444444444444,False,0.0,0.0,ori101,boundary,r021
E_N003311_N003317,5863,N003311,N003317,auto_supported_possible_unintended_missing,auto_supported_spotcheck_recommended,possible_missing_boundary,phase2c_auto_supported_possible_unintended_missing,auto_supported_spotcheck_recommended,high,phase2b4_possible_missing_preserved,false,7,133,3.7944444444444447,0.0,1.0,0.0,-0.8048780487804879,1.9444444444444444,False,0.0,0.0,ori101,boundary,r020
E_N003311_N004451,7876,N003311,N004451,auto_supported_possible_unintended_missing,auto_supported_spotcheck_recommended,possible_missing_boundary,phase2c_auto_supported_possible_unintended_missing,auto_supported_spotcheck_recommended,high,phase2b4_possible_missing_preserved,false,7,134,3.7944444444444447,0.0,1.0,0.0,-0.7447795823665894,1.9444444444444444,False,0.0,0.0,ori101,boundary,r021
E_N004414_N004423,7822,N004414,N004423,auto_supported_possible_unintended_missing,auto_supported_spotcheck_recommended,possible_missing_boundary,phase2c_auto_supported_possible_unintended_missing,auto_supported_spotcheck_recommended,high,phase2b4_possible_missing_preserved,false,7,135,3.7944444444444447,0.0,1.0,0.0,-0.5518072289156627,1.9444444444444444,False,0.0,0.0,ori101,boundary,r021
E_N004414_N005557,9837,N004414,N005557,auto_supported_possible_unintended_missing,auto_supported_spotcheck_recommended,possible_missing_boundary,phase2c_auto_supported_possible_unintended_missing,auto_supported_spotcheck_recommended,high,phase2b4_possible_missing_preserved,false,7,136,3.7944444444444447,0.0,1.0,0.0,-1.1934306569343065,1.9444444444444444,False,0.0,0.0,ori101,boundary,r021
E_N004417_N004423,7823,N004417,N004423,auto_supported_possible_unintended_missing,auto_supported_spotcheck_recommended,possible_missing_boundary,phase2c_auto_supported_possible_unintended_missing,auto_supported_spotcheck_recommended,high,phase2b4_possible_missing_preserved,false,7,137,3.7944444444444447,0.0,1.0,0.0,-1.04251012145749,1.9444444444444444,False,0.0,0.0,ori101,boundary,r021
E_N004417_N004437,7850,N004417,N004437,auto_supported_possible_unintended_missing,auto_supported_spotcheck_recommended,possible_missing_boundary,phase2c_auto_supported_possible_unintended_missing,auto_supported_spotcheck_recommended,high,phase2b4_possible_missing_preserved,false,7,138,3.7944444444444447,0.0,1.0,0.0,-0.4393939393939394,1.9444444444444444,False,0.0,0.0,ori101,boundary,r021
E_N004417_N005557,9836,N004417,N005557,auto_supported_possible_unintended_missing,auto_supported_spotcheck_recommended,possible_missing_boundary,phase2c_auto_supported_possible_unintended_missing,auto_supported_spotcheck_recommended,high,phase2b4_possible_missing_preserved,false,7,139,3.7944444444444447,0.0,1.0,0.0,-0.7990654205607477,1.9444444444444444,False,0.0,0.0,ori101,boundary,r021
E_N004417_N005571,9865,N004417,N005571,auto_supported_possible_unintended_missing,auto_supported_spotcheck_recommended,possible_missing_boundary,phase2c_auto_supported_possible_unintended_missing,auto_supported_spotcheck_recommended,high,phase2b4_possible_missing_preserved,false,7,140,3.7944444444444447,0.0,1.0,0.0,-1.5994764397905759,1.9444444444444444,False,0.0,0.0,ori101,boundary,r021
E_N004431_N004437,7851,N004431,N004437,auto_supported_possible_unintended_missing,auto_supported_spotcheck_recommended,possible_missing_boundary,phase2c_auto_supported_possible_unintended_missing,auto_supported_spotcheck_recommended,high,phase2b4_possible_missing_preserved,false,7,141,3.7944444444444447,0.0,1.0,0.0,-1.2284122562674096,1.9444444444444444,False,0.0,0.0,ori101,boundary,r021
E_N004431_N004451,7878,N004431,N004451,auto_supported_possible_unintended_missing,auto_supported_spotcheck_recommended,possible_missing_boundary,phase2c_auto_supported_possible_unintended_missing,auto_supported_spotcheck_recommended,high,phase2b4_possible_missing_preserved,false,7,142,3.7944444444444447,0.0,1.0,0.0,-0.8228105906313645,1.9444444444444444,False,0.0,0.0,ori101,boundary,r021
E_N004431_N005571,9864,N004431,N005571,auto_supported_possible_unintended_missing,auto_supported_spotcheck_recommended,possible_missing_boundary,phase2c_auto_supported_possible_unintended_missing,auto_supported_spotcheck_recommended,high,phase2b4_possible_missing_preserved,false,7,143,3.7944444444444447,0.0,1.0,0.0,-1.2681159420289856,1.9444444444444444,False,0.0,0.0,ori101,boundary,r021
E_N004431_N005585,9893,N004431,N005585,auto_supported_possible_unintended_missing,auto_supported_spotcheck_recommended,possible_missing_boundary,phase2c_auto_supported_possible_unintended_missing,auto_supported_spotcheck_recommended,high,phase2b4_possible_missing_preserved,false,7,144,3.7944444444444447,0.0,1.0,0.0,-1.2668711656441718,1.9444444444444444,False,0.0,0.0,ori101,boundary,r021
E_N004445_N004451,7879,N004445,N004451,auto_supported_possible_unintended_missing,auto_supported_spotcheck_recommended,possible_missing_boundary,phase2c_auto_supported_possible_unintended_missing,auto_supported_spotcheck_recommended,high,phase2b4_possible_missing_preserved,false,7,145,3.7944444444444447,0.0,1.0,0.0,-0.8792134831460674,1.9444444444444444,False,0.0,0.0,ori101,boundary,r021
E_N004445_N005585,9892,N004445,N005585,auto_supported_possible_unintended_missing,auto_supported_spotcheck_recommended,possible_missing_boundary,phase2c_auto_supported_possible_unintended_missing,auto_supported_spotcheck_recommended,high,phase2b4_possible_missing_preserved,false,7,146,3.7944444444444447,0.0,1.0,0.0,-0.9572446555819477,1.9444444444444444,False,0.0,0.0,ori101,boundary,r021
E_N005548_N005557,9838,N005548,N005557,auto_supported_possible_unintended_missing,auto_supported_spotcheck_recommended,possible_missing_boundary,phase2c_auto_supported_possible_unintended_missing,auto_supported_spotcheck_recommended,high,phase2b4_possible_missing_preserved,false,7,147,3.7944444444444447,0.0,1.0,0.0,-0.642512077294686,1.9444444444444444,False,0.0,0.0,ori101,boundary,r021
E_N005548_N006691,11853,N005548,N006691,auto_supported_possible_unintended_missing,auto_supported_spotcheck_recommended,possible_missing_boundary,phase2c_auto_supported_possible_unintended_missing,auto_supported_spotcheck_recommended,high,phase2b4_possible_missing_preserved,false,7,148,3.7944444444444447,0.0,1.0,0.0,-0.9713831478537361,1.9444444444444444,False,0.0,0.0,ori101,boundary,r021
E_N005551_N005557,9839,N005551,N005557,auto_supported_possible_unintended_missing,auto_supported_spotcheck_recommended,possible_missing_boundary,phase2c_auto_supported_possible_unintended_missing,auto_supported_spotcheck_recommended,high,phase2b4_possible_missing_preserved,false,7,149,3.7944444444444447,0.0,1.0,0.0,-1.0339702760084926,1.9444444444444444,False,0.0,0.0,ori101,boundary,r021
E_N005551_N005571,9866,N005551,N005571,auto_supported_possible_unintended_missing,auto_supported_spotcheck_recommended,possible_missing_boundary,phase2c_auto_supported_possible_unintended_missing,auto_supported_spotcheck_recommended,high,phase2b4_possible_missing_preserved,false,7,150,3.7944444444444447,0.0,1.0,0.0,-0.8093023255813954,1.9444444444444444,False,0.0,0.0,ori101,boundary,r021
E_N005551_N006691,11852,N005551,N006691,auto_supported_possible_unintended_missing,auto_supported_spotcheck_recommended,possible_missing_boundary,phase2c_auto_supported_possible_unintended_missing,auto_supported_spotcheck_recommended,high,phase2b4_possible_missing_preserved,false,7,151,3.7944444444444447,0.0,1.0,0.0,-0.9248291571753986,1.9444444444444444,False,0.0,0.0,ori101,boundary,r021
E_N005551_N006705,11881,N005551,N006705,auto_supported_possible_unintended_missing,auto_supported_spotcheck_recommended,possible_missing_boundary,phase2c_auto_supported_possible_unintended_missing,auto_supported_spotcheck_recommended,high,phase2b4_possible_missing_preserved,false,7,152,3.7944444444444447,0.0,1.0,0.0,-1.4776536312849162,1.9444444444444444,False,0.0,0.0,ori101,boundary,r021
E_N005565_N005571,9867,N005565,N005571,auto_supported_possible_unintended_missing,auto_supported_spotcheck_recommended,possible_missing_boundary,phase2c_auto_supported_possible_unintended_missing,auto_supported_spotcheck_recommended,high,phase2b4_possible_missing_preserved,false,7,153,3.7944444444444447,0.0,1.0,0.0,-1.6238244514106583,1.9444444444444444,False,0.0,0.0,ori101,boundary,r021
E_N005565_N005585,9894,N005565,N005585,auto_supported_possible_unintended_missing,auto_supported_spotcheck_recommended,possible_missing_boundary,phase2c_auto_supported_possible_unintended_missing,auto_supported_spotcheck_recommended,high,phase2b4_possible_missing_preserved,false,7,154,3.7944444444444447,0.0,1.0,0.0,-1.0894736842105264,1.9444444444444444,False,0.0,0.0,ori101,boundary,r021
E_N005565_N006705,11880,N005565,N006705,auto_supported_possible_unintended_missing,auto_supported_spotcheck_recommended,possible_missing_boundary,phase2c_auto_supported_possible_unintended_missing,auto_supported_spotcheck_recommended,high,phase2b4_possible_missing_preserved,false,7,155,3.7944444444444447,0.0,1.0,0.0,-1.089171974522293,1.9444444444444444,False,0.0,0.0,ori101,boundary,r021
E_N005565_N006719,11909,N005565,N006719,auto_supported_possible_unintended_missing,auto_supported_spotcheck_recommended,possible_missing_boundary,phase2c_auto_supported_possible_unintended_missing,auto_supported_spotcheck_recommended,high,phase2b4_possible_missing_preserved,false,7,156,3.7944444444444447,0.0,1.0,0.0,-1.446808510638298,1.9444444444444444,False,0.0,0.0,ori101,boundary,r021
E_N005579_N005585,9895,N005579,N005585,auto_supported_possible_unintended_missing,auto_supported_spotcheck_recommended,possible_missing_boundary,phase2c_auto_supported_possible_unintended_missing,auto_supported_spotcheck_recommended,high,phase2b4_possible_missing_preserved,false,7,157,3.7944444444444447,0.0,1.0,0.0,-0.9274447949526814,1.9444444444444444,False,0.0,0.0,ori101,boundary,r021
E_N005579_N006719,11908,N005579,N006719,auto_supported_possible_unintended_missing,auto_supported_spotcheck_recommended,possible_missing_boundary,phase2c_auto_supported_possible_unintended_missing,auto_supported_spotcheck_recommended,high,phase2b4_possible_missing_preserved,false,7,158,3.7944444444444447,0.0,1.0,0.0,-1.212707182320442,1.9444444444444444,False,0.0,0.0,ori101,boundary,r021
E_N006682_N006691,11854,N006682,N006691,auto_supported_possible_unintended_missing,auto_supported_spotcheck_recommended,possible_missing_boundary,phase2c_auto_supported_possible_unintended_missing,auto_supported_spotcheck_recommended,high,phase2b4_possible_missing_preserved,false,7,161,3.7944444444444447,0.0,1.0,0.0,-0.7023255813953488,1.9444444444444444,False,0.0,0.0,ori101,boundary,r021
E_N006682_N007825,13869,N006682,N007825,auto_supported_possible_unintended_missing,auto_supported_spotcheck_recommended,possible_missing_boundary,phase2c_auto_supported_possible_unintended_missing,auto_supported_spotcheck_recommended,high,phase2b4_possible_missing_preserved,false,7,162,3.7944444444444447,0.0,1.0,0.0,-1.143222506393862,1.9444444444444444,False,0.0,0.0,ori101,boundary,r022
E_N006685_N006691,11855,N006685,N006691,auto_supported_possible_unintended_missing,auto_supported_spotcheck_recommended,possible_missing_boundary,phase2c_auto_supported_possible_unintended_missing,auto_supported_spotcheck_recommended,high,phase2b4_possible_missing_preserved,false,7,163,3.7944444444444447,0.0,1.0,0.0,-1.665137614678899,1.9444444444444444,False,0.0,0.0,ori101,boundary,r021
E_N006685_N006705,11882,N006685,N006705,auto_supported_possible_unintended_missing,auto_supported_spotcheck_recommended,possible_missing_boundary,phase2c_auto_supported_possible_unintended_missing,auto_supported_spotcheck_recommended,high,phase2b4_possible_missing_preserved,false,7,164,3.7944444444444447,0.0,1.0,0.0,-1.1610878661087867,1.9444444444444444,False,0.0,0.0,ori101,boundary,r021
E_N006685_N007825,13868,N006685,N007825,auto_supported_possible_unintended_missing,auto_supported_spotcheck_recommended,possible_missing_boundary,phase2c_auto_supported_possible_unintended_missing,auto_supported_spotcheck_recommended,high,phase2b4_possible_missing_preserved,false,7,165,3.7944444444444447,0.0,1.0,0.0,-0.6367816091954023,1.9444444444444444,False,0.0,0.0,ori101,boundary,r022
E_N006685_N007839,13897,N006685,N007839,auto_supported_possible_unintended_missing,auto_supported_spotcheck_recommended,possible_missing_boundary,phase2c_auto_supported_possible_unintended_missing,auto_supported_spotcheck_recommended,high,phase2b4_possible_missing_preserved,false,7,166,3.7944444444444447,0.0,1.0,0.0,-1.1132075471698113,1.9444444444444444,False,0.0,0.0,ori101,boundary,r022
E_N006699_N006705,11883,N006699,N006705,auto_supported_possible_unintended_missing,auto_supported_spotcheck_recommended,possible_missing_boundary,phase2c_auto_supported_possible_unintended_missing,auto_supported_spotcheck_recommended,high,phase2b4_possible_missing_preserved,false,7,167,3.7944444444444447,0.0,1.0,0.0,-1.4542936288088644,1.9444444444444444,False,0.0,0.0,ori101,boundary,r021
E_N006699_N006719,11910,N006699,N006719,auto_supported_possible_unintended_missing,auto_supported_spotcheck_recommended,possible_missing_boundary,phase2c_auto_supported_possible_unintended_missing,auto_supported_spotcheck_recommended,high,phase2b4_possible_missing_preserved,false,7,168,3.7944444444444447,0.0,1.0,0.0,-0.9768637532133676,1.9444444444444444,False,0.0,0.0,ori101,boundary,r021
E_N006699_N007839,13896,N006699,N007839,auto_supported_possible_unintended_missing,auto_supported_spotcheck_recommended,possible_missing_boundary,phase2c_auto_supported_possible_unintended_missing,auto_supported_spotcheck_recommended,high,phase2b4_possible_missing_preserved,false,7,169,3.7944444444444447,0.0,1.0,0.0,-0.8475991649269311,1.9444444444444444,False,0.0,0.0,ori101,boundary,r022
E_N006699_N007853,13925,N006699,N007853,auto_supported_possible_unintended_missing,auto_supported_spotcheck_recommended,possible_missing_boundary,phase2c_auto_supported_possible_unintended_missing,auto_supported_spotcheck_recommended,high,phase2b4_possible_missing_preserved,false,7,170,3.7944444444444447,0.0,1.0,0.0,-0.9038461538461539,1.9444444444444444,False,0.0,0.0,ori101,boundary,r022
E_N006713_N006719,11911,N006713,N006719,auto_supported_possible_unintended_missing,auto_supported_spotcheck_recommended,possible_missing_boundary,phase2c_auto_supported_possible_unintended_missing,auto_supported_spotcheck_recommended,high,phase2b4_possible_missing_preserved,false,7,171,3.7944444444444447,0.0,1.0,0.0,-1.5784313725490196,1.9444444444444444,False,0.0,0.0,ori101,boundary,r021
E_N006713_N007853,13924,N006713,N007853,auto_supported_possible_unintended_missing,auto_supported_spotcheck_recommended,possible_missing_boundary,phase2c_auto_supported_possible_unintended_missing,auto_supported_spotcheck_recommended,high,phase2b4_possible_missing_preserved,false,7,172,3.7944444444444447,0.0,1.0,0.0,-1.5595238095238095,1.9444444444444444,False,0.0,0.0,ori101,boundary,r022
E_N007816_N007825,13870,N007816,N007825,auto_supported_possible_unintended_missing,auto_supported_spotcheck_recommended,possible_missing_boundary,phase2c_auto_supported_possible_unintended_missing,auto_supported_spotcheck_recommended,high,phase2b4_possible_missing_preserved,false,7,173,3.7944444444444447,0.0,1.0,0.0,-0.6783625730994152,1.9444444444444444,False,0.0,0.0,ori101,boundary,r022
E_N007816_N008959,15885,N007816,N008959,auto_supported_possible_unintended_missing,auto_supported_spotcheck_recommended,possible_missing_boundary,phase2c_auto_supported_possible_unintended_missing,auto_supported_spotcheck_recommended,high,phase2b4_possible_missing_preserved,false,7,174,3.7944444444444447,0.0,1.0,0.0,-0.7475728155339806,1.9444444444444444,False,0.0,0.0,ori101,boundary,r022
E_N007819_N007825,13871,N007819,N007825,auto_supported_possible_unintended_missing,auto_supported_spotcheck_recommended,possible_missing_boundary,phase2c_auto_supported_possible_unintended_missing,auto_supported_spotcheck_recommended,high,phase2b4_possible_missing_preserved,false,7,175,3.7944444444444447,0.0,1.0,0.0,-0.9382022471910112,1.9444444444444444,False,0.0,0.0,ori101,boundary,r022
E_N007819_N007839,13898,N007819,N007839,auto_supported_possible_unintended_missing,auto_supported_spotcheck_recommended,possible_missing_boundary,phase2c_auto_supported_possible_unintended_missing,auto_supported_spotcheck_recommended,high,phase2b4_possible_missing_preserved,false,7,176,3.7944444444444447,0.0,1.0,0.0,-1.2393364928909953,1.9444444444444444,False,0.0,0.0,ori101,boundary,r022
E_N007819_N008959,15884,N007819,N008959,auto_supported_possible_unintended_missing,auto_supported_spotcheck_recommended,possible_missing_boundary,phase2c_auto_supported_possible_unintended_missing,auto_supported_spotcheck_recommended,high,phase2b4_possible_missing_preserved,false,7,177,3.7944444444444447,0.0,1.0,0.0,-1.286764705882353,1.9444444444444444,False,0.0,0.0,ori101,boundary,r022
E_N007819_N008973,15913,N007819,N008973,auto_supported_possible_unintended_missing,auto_supported_spotcheck_recommended,possible_missing_boundary,phase2c_auto_supported_possible_unintended_missing,auto_supported_spotcheck_recommended,high,phase2b4_possible_missing_preserved,false,7,178,3.7944444444444447,0.0,1.0,0.0,-1.2272727272727273,1.9444444444444444,False,0.0,0.0,ori101,boundary,r022
E_N007833_N007839,13899,N007833,N007839,auto_supported_possible_unintended_missing,auto_supported_spotcheck_recommended,possible_missing_boundary,phase2c_auto_supported_possible_unintended_missing,auto_supported_spotcheck_recommended,high,phase2b4_possible_missing_preserved,false,7,179,3.7944444444444447,0.0,1.0,0.0,-1.2644836272040303,1.9444444444444444,False,0.0,0.0,ori101,boundary,r022
E_N007833_N007853,13926,N007833,N007853,auto_supported_possible_unintended_missing,auto_supported_spotcheck_recommended,possible_missing_boundary,phase2c_auto_supported_possible_unintended_missing,auto_supported_spotcheck_recommended,high,phase2b4_possible_missing_preserved,false,7,180,3.7944444444444447,0.0,1.0,0.0,-1.4187643020594967,1.9444444444444444,False,0.0,0.0,ori101,boundary,r022
E_N007833_N008973,15912,N007833,N008973,auto_supported_possible_unintended_missing,auto_supported_spotcheck_recommended,possible_missing_boundary,phase2c_auto_supported_possible_unintended_missing,auto_supported_spotcheck_recommended,high,phase2b4_possible_missing_preserved,false,7,181,3.7944444444444447,0.0,1.0,0.0,-1.1405895691609977,1.9444444444444444,False,0.0,0.0,ori101,boundary,r022
E_N007833_N008987,15941,N007833,N008987,auto_supported_possible_unintended_missing,auto_supported_spotcheck_recommended,possible_missing_boundary,phase2c_auto_supported_possible_unintended_missing,auto_supported_spotcheck_recommended,high,phase2b4_possible_missing_preserved,false,7,182,3.7944444444444447,0.0,1.0,0.0,-1.152112676056338,1.9444444444444444,False,0.0,0.0,ori101,boundary,r022
E_N007847_N007853,13927,N007847,N007853,auto_supported_possible_unintended_missing,auto_supported_spotcheck_recommended,possible_missing_boundary,phase2c_auto_supported_possible_unintended_missing,auto_supported_spotcheck_recommended,high,phase2b4_possible_missing_preserved,false,7,183,3.7944444444444447,0.0,1.0,0.0,-1.21580547112462,1.9444444444444444,False,0.0,0.0,ori101,boundary,r022
E_N007847_N008987,15940,N007847,N008987,auto_supported_possible_unintended_missing,auto_supported_spotcheck_recommended,possible_missing_boundary,phase2c_auto_supported_possible_unintended_missing,auto_supported_spotcheck_recommended,high,phase2b4_possible_missing_preserved,false,7,184,3.7944444444444447,0.0,1.0,0.0,-1.0463414634146342,1.9444444444444444,False,0.0,0.0,ori101,boundary,r022
E_N008950_N008959,15886,N008950,N008959,auto_supported_possible_unintended_missing,auto_supported_spotcheck_recommended,possible_missing_boundary,phase2c_auto_supported_possible_unintended_missing,auto_supported_spotcheck_recommended,high,phase2b4_possible_missing_preserved,false,7,185,3.7944444444444447,0.0,1.0,0.0,-0.7995824634655533,1.9444444444444444,False,0.0,0.0,ori101,boundary,r022
E_N008950_N010093,18193,N008950,N010093,auto_supported_possible_unintended_missing,auto_supported_spotcheck_recommended,possible_missing_boundary,phase2c_auto_supported_possible_unintended_missing,auto_supported_spotcheck_recommended,high,phase2b4_possible_missing_preserved,false,7,186,3.7944444444444447,0.0,1.0,0.0,-0.75,1.9444444444444444,False,0.0,0.0,ori101,boundary,r022
E_N008953_N008959,15887,N008953,N008959,auto_supported_possible_unintended_missing,auto_supported_spotcheck_recommended,possible_missing_boundary,phase2c_auto_supported_possible_unintended_missing,auto_supported_spotcheck_recommended,high,phase2b4_possible_missing_preserved,false,7,187,3.7944444444444447,0.0,1.0,0.0,-0.9168765743073047,1.9444444444444444,False,0.0,0.0,ori101,boundary,r022
E_N008953_N008973,15914,N008953,N008973,auto_supported_possible_unintended_missing,auto_supported_spotcheck_recommended,possible_missing_boundary,phase2c_auto_supported_possible_unintended_missing,auto_supported_spotcheck_recommended,high,phase2b4_possible_missing_preserved,false,7,188,3.7944444444444447,0.0,1.0,0.0,-1.0776255707762556,1.9444444444444444,False,0.0,0.0,ori101,boundary,r022
E_N008953_N010093,18192,N008953,N010093,auto_supported_possible_unintended_missing,auto_supported_spotcheck_recommended,possible_missing_boundary,phase2c_auto_supported_possible_unintended_missing,auto_supported_spotcheck_recommended,high,phase2b4_possible_missing_preserved,false,7,189,3.7944444444444447,0.0,1.0,0.0,-0.7222222222222222,1.9444444444444444,False,0.0,0.0,ori101,boundary,r022
E_N008953_N010107,18225,N008953,N010107,auto_supported_possible_unintended_missing,auto_supported_spotcheck_recommended,possible_missing_boundary,phase2c_auto_supported_possible_unintended_missing,auto_supported_spotcheck_recommended,high,phase2b4_possible_missing_preserved,false,7,190,3.7944444444444447,0.0,1.0,0.0,-0.7165932452276065,1.9444444444444444,False,0.0,0.0,ori101,boundary,r022
E_N008967_N008973,15915,N008967,N008973,auto_supported_possible_unintended_missing,auto_supported_spotcheck_recommended,possible_missing_boundary,phase2c_auto_supported_possible_unintended_missing,auto_supported_spotcheck_recommended,high,phase2b4_possible_missing_preserved,false,7,192,3.7944444444444447,0.0,1.0,0.0,-1.3309608540925266,1.9444444444444444,False,0.0,0.0,ori101,boundary,r022
E_N008967_N008987,15942,N008967,N008987,auto_supported_possible_unintended_missing,auto_supported_spotcheck_recommended,possible_missing_boundary,phase2c_auto_supported_possible_unintended_missing,auto_supported_spotcheck_recommended,high,phase2b4_possible_missing_preserved,false,7,193,3.7944444444444447,0.0,1.0,0.0,-1.4239766081871346,1.9444444444444444,False,0.0,0.0,ori101,boundary,r022
E_N008967_N010107,18224,N008967,N010107,auto_supported_possible_unintended_missing,auto_supported_spotcheck_recommended,possible_missing_boundary,phase2c_auto_supported_possible_unintended_missing,auto_supported_spotcheck_recommended,high,phase2b4_possible_missing_preserved,false,7,194,3.7944444444444447,0.0,1.0,0.0,-0.5824372759856631,1.9444444444444444,False,0.0,0.0,ori101,boundary,r022
E_N008967_N010121,18257,N008967,N010121,auto_supported_possible_unintended_missing,auto_supported_spotcheck_recommended,possible_missing_boundary,phase2c_auto_supported_possible_unintended_missing,auto_supported_spotcheck_recommended,high,phase2b4_possible_missing_preserved,false,7,195,3.7944444444444447,0.0,1.0,0.0,-0.8231404958677686,1.9444444444444444,False,0.0,0.0,ori101,boundary,r022
E_N008981_N008987,15943,N008981,N008987,auto_supported_possible_unintended_missing,auto_supported_spotcheck_recommended,possible_missing_boundary,phase2c_auto_supported_possible_unintended_missing,auto_supported_spotcheck_recommended,high,phase2b4_possible_missing_preserved,false,7,196,3.7944444444444447,0.0,1.0,0.0,-1.163323782234957,1.9444444444444444,False,0.0,0.0,ori101,boundary,r022
E_N008981_N010121,18256,N008981,N010121,auto_supported_possible_unintended_missing,auto_supported_spotcheck_recommended,possible_missing_boundary,phase2c_auto_supported_possible_unintended_missing,auto_supported_spotcheck_recommended,high,phase2b4_possible_missing_preserved,false,7,197,3.7944444444444447,0.0,1.0,0.0,-1.1854460093896713,1.9444444444444444,False,0.0,0.0,ori101,boundary,r022
E_N010084_N010093,18194,N010084,N010093,auto_supported_possible_unintended_missing,auto_supported_spotcheck_recommended,possible_missing_boundary,phase2c_auto_supported_possible_unintended_missing,auto_supported_spotcheck_recommended,high,phase2b4_possible_missing_preserved,false,7,198,3.7944444444444447,0.0,1.0,0.0,-0.05534269902085994,1.9444444444444444,False,0.0,0.0,ori101,boundary,r022
E_N010087_N010093,18195,N010087,N010093,auto_supported_possible_unintended_missing,auto_supported_spotcheck_recommended,possible_missing_boundary,phase2c_auto_supported_possible_unintended_missing,auto_supported_spotcheck_recommended,high,phase2b4_possible_missing_preserved,false,7,199,3.7944444444444447,0.0,1.0,0.0,-0.11288604898828541,1.9444444444444444,False,0.0,0.0,ori101,boundary,r022
E_N010087_N010107,18226,N010087,N010107,auto_supported_possible_unintended_missing,auto_supported_spotcheck_recommended,possible_missing_boundary,phase2c_auto_supported_possible_unintended_missing,auto_supported_spotcheck_recommended,high,phase2b4_possible_missing_preserved,false,7,200,3.7944444444444447,0.0,1.0,0.0,-0.10638297872340426,1.9444444444444444,False,0.0,0.0,ori101,boundary,r022
E_N010101_N010107,18227,N010101,N010107,auto_supported_possible_unintended_missing,auto_supported_spotcheck_recommended,possible_missing_boundary,phase2c_auto_supported_possible_unintended_missing,auto_supported_spotcheck_recommended,high,phase2b4_possible_missing_preserved,false,7,201,3.7944444444444447,0.0,1.0,0.0,-0.13010301411674932,1.9444444444444444,False,0.0,0.0,ori101,boundary,r022
E_N010101_N010121,18258,N010101,N010121,auto_supported_possible_unintended_missing,auto_supported_spotcheck_recommended,possible_missing_boundary,phase2c_auto_supported_possible_unintended_missing,auto_supported_spotcheck_recommended,high,phase2b4_possible_missing_preserved,false,7,202,3.7944444444444447,0.0,1.0,0.0,-0.152,1.9444444444444444,False,0.0,0.0,ori101,boundary,r022
E_N010115_N010121,18259,N010115,N010121,auto_supported_possible_unintended_missing,auto_supported_spotcheck_recommended,possible_missing_boundary,phase2c_auto_supported_possible_unintended_missing,auto_supported_spotcheck_recommended,high,phase2b4_possible_missing_preserved,false,7,203,3.7944444444444447,0.0,1.0,0.0,-0.2315921963499056,1.9444444444444444,False,0.0,0.0,ori101,boundary,r022
E_N001379_N001506,4665,N001379,N001506,manual_review_possible_unintended_missing,blocked_manual_review,possible_missing_boundary,phase2c_auto_supported_possible_unintended_missing,auto_supported_spotcheck_recommended,moderate_with_boundary_or_stability_caution,second_pass_zero_material_body_despite_bounded_instability,true,6,217,3.6000000000000005,0.0,1.0,0.0,0.37093425605536334,1.6666666666666667,False,0.3333333333333333,2.5,ori110,boundary,r200
E_N001491_N001506,4667,N001491,N001506,auto_supported_possible_unintended_missing,auto_supported_spotcheck_recommended,possible_missing_boundary,phase2c_auto_supported_possible_unintended_missing,auto_supported_spotcheck_recommended,high,phase2b4_possible_missing_preserved,false,7,233,3.5270833333333336,0.0,1.0,0.0,-0.12887053966381598,1.6666666666666667,False,0.041666666666666664,1.7927205139480746,ori110,boundary,r200
E_N003511_N003526,6259,N003511,N003526,auto_supported_possible_unintended_missing,auto_supported_spotcheck_recommended,possible_missing_boundary,phase2c_auto_supported_possible_unintended_missing,auto_supported_spotcheck_recommended,high,phase2b4_possible_missing_preserved,false,7,235,3.5270833333333336,0.0,1.0,0.041666666666666664,-2.103244837758112,1.6666666666666667,False,0.041666666666666664,2.435251277280566,ori110,boundary,r201
E_N001365_N001380,4447,N001365,N001380,auto_supported_possible_unintended_missing,auto_supported_spotcheck_recommended,possible_missing_boundary,phase2c_auto_supported_possible_unintended_missing,auto_supported_spotcheck_recommended,high,phase2b4_possible_missing_preserved,false,7,247,3.485416666666667,0.041666666666666664,0.9583333333333334,0.16666666666666666,-0.05728702879192639,1.6666666666666667,False,0.20833333333333334,1.7089525929808937,ori110,boundary,r200
E_N000251_N000361,651,N000251,N000361,auto_supported_possible_unintended_disconnected,auto_supported_spotcheck_recommended,possible_disconnected_instability_or_evidence_shortfall,phase2c_auto_supported_possible_unintended_disconnected,auto_supported_spotcheck_recommended,high,phase2b4_possible_disconnected_preserved,false,6,256,3.44375,0.041666666666666664,0.9583333333333334,0.5833333333333334,-0.15113570180547467,1.6666666666666667,False,0.041666666666666664,1.4448412342513934,ori110,boundary,r200
E_N000361_N000363,625,N000361,N000363,manual_review_possible_unintended_disconnected,blocked_manual_review,possible_disconnected_instability_or_evidence_shortfall,phase2c_auto_supported_possible_unintended_disconnected,auto_supported_spotcheck_recommended,moderate_with_stability_caution,second_pass_long_gap_and_broken_bridge_despite_bounded_instability,true,6,261,3.4333333333333336,0.08333333333333333,0.9166666666666666,0.9166666666666666,-0.18064358849341786,1.6666666666666667,False,0.3333333333333333,1.1359020194497198,ori110,boundary,r200
E_N000358_N001495,2640,N000358,N001495,auto_supported_possible_unintended_disconnected,auto_supported_spotcheck_recommended,possible_disconnected_instability_or_evidence_shortfall,phase2c_auto_supported_possible_unintended_disconnected,auto_supported_spotcheck_recommended,high,phase2b4_possible_disconnected_preserved,false,5,262,3.4298611111111112,0.125,0.875,0.375,0.007246376811594203,1.7777777777777777,False,0.20833333333333337,1.2597752604859898,ori101,near_boundary,r200
E_N001038_N001063,1857,N001038,N001063,auto_supported_possible_unintended_missing,auto_supported_spotcheck_recommended,possible_missing_boundary,phase2c_auto_supported_possible_unintended_missing,auto_supported_spotcheck_recommended,high,phase2b4_possible_missing_preserved,false,7,281,3.35,0.0,1.0,0.0,-0.009950248756218905,1.5,False,0.0,0.0,ori101,boundary,r120
E_N001043_N001063,1858,N001043,N001063,auto_supported_possible_unintended_missing,auto_supported_spotcheck_recommended,possible_missing_boundary,phase2c_auto_supported_possible_unintended_missing,auto_supported_spotcheck_recommended,high,phase2b4_possible_missing_preserved,false,7,282,3.35,0.0,1.0,0.0,-0.045714285714285714,1.5,False,0.0,0.0,ori101,boundary,r120
E_N001043_N002197,3873,N001043,N002197,auto_supported_possible_unintended_missing,auto_supported_spotcheck_recommended,possible_missing_boundary,phase2c_auto_supported_possible_unintended_missing,auto_supported_spotcheck_recommended,high,phase2b4_possible_missing_preserved,false,7,283,3.35,0.0,1.0,0.0,-0.6652360515021459,1.5,False,0.0,0.0,ori101,boundary,r120
E_N001057_N001063,1859,N001057,N001063,auto_supported_possible_unintended_missing,auto_supported_spotcheck_recommended,possible_missing_boundary,phase2c_auto_supported_possible_unintended_missing,auto_supported_spotcheck_recommended,high,phase2b4_possible_missing_preserved,false,7,286,3.35,0.0,1.0,0.0,-0.1390284757118928,1.5,False,0.0,0.0,ori101,boundary,r120
E_N001057_N001077,1886,N001057,N001077,auto_supported_possible_unintended_missing,auto_supported_spotcheck_recommended,possible_missing_boundary,phase2c_auto_supported_possible_unintended_missing,auto_supported_spotcheck_recommended,high,phase2b4_possible_missing_preserved,false,7,287,3.35,0.0,1.0,0.0,-0.126232741617357,1.5,False,0.0,0.0,ori101,boundary,r120
E_N001057_N002197,3872,N001057,N002197,auto_supported_possible_unintended_missing,auto_supported_spotcheck_recommended,possible_missing_boundary,phase2c_auto_supported_possible_unintended_missing,auto_supported_spotcheck_recommended,high,phase2b4_possible_missing_preserved,false,7,288,3.35,0.0,1.0,0.0,-0.4183168316831683,1.5,False,0.0,0.0,ori101,boundary,r120
E_N001057_N002211,3901,N001057,N002211,auto_supported_possible_unintended_missing,auto_supported_spotcheck_recommended,possible_missing_boundary,phase2c_auto_supported_possible_unintended_missing,auto_supported_spotcheck_recommended,high,phase2b4_possible_missing_preserved,false,7,289,3.35,0.0,1.0,0.0,-0.2557603686635945,1.5,False,0.0,0.0,ori101,boundary,r120
E_N001071_N001077,1887,N001071,N001077,auto_supported_possible_unintended_missing,auto_supported_spotcheck_recommended,possible_missing_boundary,phase2c_auto_supported_possible_unintended_missing,auto_supported_spotcheck_recommended,high,phase2b4_possible_missing_preserved,false,7,292,3.35,0.0,1.0,0.0,-0.06352941176470588,1.5,False,0.0,0.0,ori101,boundary,r120
E_N001071_N001091,1914,N001071,N001091,auto_supported_possible_unintended_missing,auto_supported_spotcheck_recommended,possible_missing_boundary,phase2c_auto_supported_possible_unintended_missing,auto_supported_spotcheck_recommended,high,phase2b4_possible_missing_preserved,false,7,293,3.35,0.0,1.0,0.0,-0.13793103448275862,1.5,False,0.0,0.0,ori101,boundary,r120
E_N001071_N002211,3900,N001071,N002211,auto_supported_possible_unintended_missing,auto_supported_spotcheck_recommended,possible_missing_boundary,phase2c_auto_supported_possible_unintended_missing,auto_supported_spotcheck_recommended,high,phase2b4_possible_missing_preserved,false,7,294,3.35,0.0,1.0,0.0,-0.6925,1.5,False,0.0,0.0,ori101,boundary,r120
E_N001085_N002225,3928,N001085,N002225,auto_supported_possible_unintended_missing,auto_supported_spotcheck_recommended,possible_missing_boundary,phase2c_auto_supported_possible_unintended_missing,auto_supported_spotcheck_recommended,high,phase2b4_possible_missing_preserved,false,7,298,3.35,0.0,1.0,0.0,-0.7240618101545254,1.5,False,0.0,0.0,ori101,boundary,r120
E_N002177_N002197,3874,N002177,N002197,auto_supported_possible_unintended_missing,auto_supported_spotcheck_recommended,possible_missing_boundary,phase2c_auto_supported_possible_unintended_missing,auto_supported_spotcheck_recommended,high,phase2b4_possible_missing_preserved,false,7,300,3.35,0.0,1.0,0.0,-0.17548076923076922,1.5,False,0.0,0.0,ori101,boundary,r120
E_N002177_N003331,5889,N002177,N003331,auto_supported_possible_unintended_missing,auto_supported_spotcheck_recommended,possible_missing_boundary,phase2c_auto_supported_possible_unintended_missing,auto_supported_spotcheck_recommended,high,phase2b4_possible_missing_preserved,false,7,301,3.35,0.0,1.0,0.0,-0.33602150537634407,1.5,False,0.0,0.0,ori101,boundary,r120
E_N002191_N002197,3875,N002191,N002197,auto_supported_possible_unintended_missing,auto_supported_spotcheck_recommended,possible_missing_boundary,phase2c_auto_supported_possible_unintended_missing,auto_supported_spotcheck_recommended,high,phase2b4_possible_missing_preserved,false,7,302,3.35,0.0,1.0,0.0,-0.18823529411764706,1.5,False,0.0,0.0,ori101,boundary,r120
E_N002191_N002211,3902,N002191,N002211,auto_supported_possible_unintended_missing,auto_supported_spotcheck_recommended,possible_missing_boundary,phase2c_auto_supported_possible_unintended_missing,auto_supported_spotcheck_recommended,high,phase2b4_possible_missing_preserved,false,7,303,3.35,0.0,1.0,0.0,-0.495,1.5,False,0.0,0.0,ori101,boundary,r120
E_N002191_N003331,5888,N002191,N003331,auto_supported_possible_unintended_missing,auto_supported_spotcheck_recommended,possible_missing_boundary,phase2c_auto_supported_possible_unintended_missing,auto_supported_spotcheck_recommended,high,phase2b4_possible_missing_preserved,false,7,304,3.35,0.0,1.0,0.0,-0.7838479809976246,1.5,False,0.0,0.0,ori101,boundary,r120
E_N002205_N002225,3930,N002205,N002225,auto_supported_possible_unintended_missing,auto_supported_spotcheck_recommended,possible_missing_boundary,phase2c_auto_supported_possible_unintended_missing,auto_supported_spotcheck_recommended,high,phase2b4_possible_missing_preserved,false,7,307,3.35,0.0,1.0,0.0,-1.005586592178771,1.5,False,0.0,0.0,ori101,boundary,r120
E_N002205_N003345,5916,N002205,N003345,auto_supported_possible_unintended_missing,auto_supported_spotcheck_recommended,possible_missing_boundary,phase2c_auto_supported_possible_unintended_missing,auto_supported_spotcheck_recommended,high,phase2b4_possible_missing_preserved,false,7,308,3.35,0.0,1.0,0.0,-0.5628571428571428,1.5,False,0.0,0.0,ori101,boundary,r120
E_N002205_N003359,5945,N002205,N003359,auto_supported_possible_unintended_missing,auto_supported_spotcheck_recommended,possible_missing_boundary,phase2c_auto_supported_possible_unintended_missing,auto_supported_spotcheck_recommended,high,phase2b4_possible_missing_preserved,false,7,309,3.35,0.0,1.0,0.0,-0.1859903381642512,1.5,False,0.0,0.0,ori101,boundary,r120
E_N002219_N003359,5944,N002219,N003359,auto_supported_possible_unintended_missing,auto_supported_spotcheck_recommended,possible_missing_boundary,phase2c_auto_supported_possible_unintended_missing,auto_supported_spotcheck_recommended,high,phase2b4_possible_missing_preserved,false,7,311,3.35,0.0,1.0,0.0,-0.7033248081841432,1.5,False,0.0,0.0,ori101,boundary,r120
E_N003311_N003331,5890,N003311,N003331,auto_supported_possible_unintended_missing,auto_supported_spotcheck_recommended,possible_missing_boundary,phase2c_auto_supported_possible_unintended_missing,auto_supported_spotcheck_recommended,high,phase2b4_possible_missing_preserved,false,7,312,3.35,0.0,1.0,0.0,-0.612565445026178,1.5,False,0.0,0.0,ori101,boundary,r120
E_N003311_N004465,7905,N003311,N004465,auto_supported_possible_unintended_missing,auto_supported_spotcheck_recommended,possible_missing_boundary,phase2c_auto_supported_possible_unintended_missing,auto_supported_spotcheck_recommended,high,phase2b4_possible_missing_preserved,false,7,313,3.35,0.0,1.0,0.0,-0.41362530413625304,1.5,False,0.0,0.0,ori101,boundary,r121
E_N003325_N003331,5891,N003325,N003331,auto_supported_possible_unintended_missing,auto_supported_spotcheck_recommended,possible_missing_boundary,phase2c_auto_supported_possible_unintended_missing,auto_supported_spotcheck_recommended,high,phase2b4_possible_missing_preserved,false,7,314,3.35,0.0,1.0,0.0,-0.43648960739030024,1.5,False,0.0,0.0,ori101,boundary,r120
E_N003325_N003345,5918,N003325,N003345,auto_supported_possible_unintended_missing,auto_supported_spotcheck_recommended,possible_missing_boundary,phase2c_auto_supported_possible_unintended_missing,auto_supported_spotcheck_recommended,high,phase2b4_possible_missing_preserved,false,7,315,3.35,0.0,1.0,0.0,-0.7873417721518987,1.5,False,0.0,0.0,ori101,boundary,r120
E_N003325_N004465,7904,N003325,N004465,auto_supported_possible_unintended_missing,auto_supported_spotcheck_recommended,possible_missing_boundary,phase2c_auto_supported_possible_unintended_missing,auto_supported_spotcheck_recommended,high,phase2b4_possible_missing_preserved,false,7,316,3.35,0.0,1.0,0.0,-0.8551136363636364,1.5,False,0.0,0.0,ori101,boundary,r121
E_N003325_N004479,7933,N003325,N004479,auto_supported_possible_unintended_missing,auto_supported_spotcheck_recommended,possible_missing_boundary,phase2c_auto_supported_possible_unintended_missing,auto_supported_spotcheck_recommended,high,phase2b4_possible_missing_preserved,false,7,317,3.35,0.0,1.0,0.0,-0.18777292576419213,1.5,False,0.0,0.0,ori101,boundary,r121
E_N003339_N003345,5919,N003339,N003345,auto_supported_possible_unintended_missing,auto_supported_spotcheck_recommended,possible_missing_boundary,phase2c_auto_supported_possible_unintended_missing,auto_supported_spotcheck_recommended,high,phase2b4_possible_missing_preserved,false,7,318,3.35,0.0,1.0,0.0,-0.0931174089068826,1.5,False,0.0,0.0,ori101,boundary,r120
E_N003339_N003359,5946,N003339,N003359,auto_supported_possible_unintended_missing,auto_supported_spotcheck_recommended,possible_missing_boundary,phase2c_auto_supported_possible_unintended_missing,auto_supported_spotcheck_recommended,high,phase2b4_possible_missing_preserved,false,7,319,3.35,0.0,1.0,0.0,-1.3793103448275863,1.5,False,0.0,0.0,ori101,boundary,r120
E_N003339_N004479,7932,N003339,N004479,auto_supported_possible_unintended_missing,auto_supported_spotcheck_recommended,possible_missing_boundary,phase2c_auto_supported_possible_unintended_missing,auto_supported_spotcheck_recommended,high,phase2b4_possible_missing_preserved,false,7,320,3.35,0.0,1.0,0.0,-1.4835526315789473,1.5,False,0.0,0.0,ori101,boundary,r121
E_N003353_N004493,7960,N003353,N004493,auto_supported_possible_unintended_missing,auto_supported_spotcheck_recommended,possible_missing_boundary,phase2c_auto_supported_possible_unintended_missing,auto_supported_spotcheck_recommended,high,phase2b4_possible_missing_preserved,false,7,323,3.35,0.0,1.0,0.0,-1.0660660660660661,1.5,False,0.0,0.0,ori101,boundary,r121
E_N004445_N004465,7906,N004445,N004465,auto_supported_possible_unintended_missing,auto_supported_spotcheck_recommended,possible_missing_boundary,phase2c_auto_supported_possible_unintended_missing,auto_supported_spotcheck_recommended,high,phase2b4_possible_missing_preserved,false,7,326,3.35,0.0,1.0,0.0,-0.9765625,1.5,False,0.0,0.0,ori101,boundary,r121
E_N004445_N005599,9921,N004445,N005599,auto_supported_possible_unintended_missing,auto_supported_spotcheck_recommended,possible_missing_boundary,phase2c_auto_supported_possible_unintended_missing,auto_supported_spotcheck_recommended,high,phase2b4_possible_missing_preserved,false,7,327,3.35,0.0,1.0,0.0,-0.9656084656084656,1.5,False,0.0,0.0,ori101,boundary,r121
E_N004459_N004465,7907,N004459,N004465,auto_supported_possible_unintended_missing,auto_supported_spotcheck_recommended,possible_missing_boundary,phase2c_auto_supported_possible_unintended_missing,auto_supported_spotcheck_recommended,high,phase2b4_possible_missing_preserved,false,7,328,3.35,0.0,1.0,0.0,-0.596401028277635,1.5,False,0.0,0.0,ori101,boundary,r121
E_N004459_N004479,7934,N004459,N004479,auto_supported_possible_unintended_missing,auto_supported_spotcheck_recommended,possible_missing_boundary,phase2c_auto_supported_possible_unintended_missing,auto_supported_spotcheck_recommended,high,phase2b4_possible_missing_preserved,false,7,329,3.35,0.0,1.0,0.0,-1.0726643598615917,1.5,False,0.0,0.0,ori101,boundary,r121
E_N004459_N005599,9920,N004459,N005599,auto_supported_possible_unintended_missing,auto_supported_spotcheck_recommended,possible_missing_boundary,phase2c_auto_supported_possible_unintended_missing,auto_supported_spotcheck_recommended,high,phase2b4_possible_missing_preserved,false,7,330,3.35,0.0,1.0,0.0,-1.4358108108108107,1.5,False,0.0,0.0,ori101,boundary,r121
E_N004459_N005613,9949,N004459,N005613,auto_supported_possible_unintended_missing,auto_supported_spotcheck_recommended,possible_missing_boundary,phase2c_auto_supported_possible_unintended_missing,auto_supported_spotcheck_recommended,high,phase2b4_possible_missing_preserved,false,7,331,3.35,0.0,1.0,0.0,-0.4498977505112474,1.5,False,0.0,0.0,ori101,boundary,r121
E_N004473_N004479,7935,N004473,N004479,auto_supported_possible_unintended_missing,auto_supported_spotcheck_recommended,possible_missing_boundary,phase2c_auto_supported_possible_unintended_missing,auto_supported_spotcheck_recommended,high,phase2b4_possible_missing_preserved,false,7,332,3.35,0.0,1.0,0.0,-0.18859649122807018,1.5,False,0.0,0.0,ori101,boundary,r121
E_N004473_N004493,7962,N004473,N004493,auto_supported_possible_unintended_missing,auto_supported_spotcheck_recommended,possible_missing_boundary,phase2c_auto_supported_possible_unintended_missing,auto_supported_spotcheck_recommended,high,phase2b4_possible_missing_preserved,false,7,333,3.35,0.0,1.0,0.0,-1.5065359477124183,1.5,False,0.0,0.0,ori101,boundary,r121
E_N004473_N005613,9948,N004473,N005613,auto_supported_possible_unintended_missing,auto_supported_spotcheck_recommended,possible_missing_boundary,phase2c_auto_supported_possible_unintended_missing,auto_supported_spotcheck_recommended,high,phase2b4_possible_missing_preserved,false,7,334,3.35,0.0,1.0,0.0,-1.2172131147540983,1.5,False,0.0,0.0,ori101,boundary,r121
E_N004473_N005627,9977,N004473,N005627,auto_supported_possible_unintended_missing,auto_supported_spotcheck_recommended,possible_missing_boundary,phase2c_auto_supported_possible_unintended_missing,auto_supported_spotcheck_recommended,high,phase2b4_possible_missing_preserved,false,7,335,3.35,0.0,1.0,0.0,-0.5201900237529691,1.5,False,0.0,0.0,ori101,boundary,r121
E_N005579_N005599,9922,N005579,N005599,auto_supported_possible_unintended_missing,auto_supported_spotcheck_recommended,possible_missing_boundary,phase2c_auto_supported_possible_unintended_missing,auto_supported_spotcheck_recommended,high,phase2b4_possible_missing_preserved,false,7,338,3.35,0.0,1.0,0.0,-1.1097922848664687,1.5,False,0.0,0.0,ori101,boundary,r121
E_N005579_N006733,11937,N005579,N006733,auto_supported_possible_unintended_missing,auto_supported_spotcheck_recommended,possible_missing_boundary,phase2c_auto_supported_possible_unintended_missing,auto_supported_spotcheck_recommended,high,phase2b4_possible_missing_preserved,false,7,339,3.35,0.0,1.0,0.0,-1.064516129032258,1.5,False,0.0,0.0,ori101,boundary,r121
E_N005593_N005599,9923,N005593,N005599,auto_supported_possible_unintended_missing,auto_supported_spotcheck_recommended,possible_missing_boundary,phase2c_auto_supported_possible_unintended_missing,auto_supported_spotcheck_recommended,high,phase2b4_possible_missing_preserved,false,7,340,3.35,0.0,1.0,0.0,-0.8520408163265306,1.5,False,0.0,0.0,ori101,boundary,r121
E_N005593_N005613,9950,N005593,N005613,auto_supported_possible_unintended_missing,auto_supported_spotcheck_recommended,possible_missing_boundary,phase2c_auto_supported_possible_unintended_missing,auto_supported_spotcheck_recommended,high,phase2b4_possible_missing_preserved,false,7,341,3.35,0.0,1.0,0.0,-1.4411764705882353,1.5,False,0.0,0.0,ori101,boundary,r121
E_N005593_N006733,11936,N005593,N006733,auto_supported_possible_unintended_missing,auto_supported_spotcheck_recommended,possible_missing_boundary,phase2c_auto_supported_possible_unintended_missing,auto_supported_spotcheck_recommended,high,phase2b4_possible_missing_preserved,false,7,342,3.35,0.0,1.0,0.0,-1.4557823129251701,1.5,False,0.0,0.0,ori101,boundary,r121
E_N005593_N006747,11965,N005593,N006747,auto_supported_possible_unintended_missing,auto_supported_spotcheck_recommended,possible_missing_boundary,phase2c_auto_supported_possible_unintended_missing,auto_supported_spotcheck_recommended,high,phase2b4_possible_missing_preserved,false,7,343,3.35,0.0,1.0,0.0,-0.8888888888888888,1.5,False,0.0,0.0,ori101,boundary,r121
E_N005607_N005613,9951,N005607,N005613,auto_supported_possible_unintended_missing,auto_supported_spotcheck_recommended,possible_missing_boundary,phase2c_auto_supported_possible_unintended_missing,auto_supported_spotcheck_recommended,high,phase2b4_possible_missing_preserved,false,7,344,3.35,0.0,1.0,0.0,-0.7216981132075472,1.5,False,0.0,0.0,ori101,boundary,r121
E_N005607_N005627,9978,N005607,N005627,auto_supported_possible_unintended_missing,auto_supported_spotcheck_recommended,possible_missing_boundary,phase2c_auto_supported_possible_unintended_missing,auto_supported_spotcheck_recommended,high,phase2b4_possible_missing_preserved,false,7,345,3.35,0.0,1.0,0.0,-1.5572519083969465,1.5,False,0.0,0.0,ori101,boundary,r121
E_N005607_N006747,11964,N005607,N006747,auto_supported_possible_unintended_missing,auto_supported_spotcheck_recommended,possible_missing_boundary,phase2c_auto_supported_possible_unintended_missing,auto_supported_spotcheck_recommended,high,phase2b4_possible_missing_preserved,false,7,346,3.35,0.0,1.0,0.0,-1.6326530612244898,1.5,False,0.0,0.0,ori101,boundary,r121
E_N005607_N006761,11993,N005607,N006761,auto_supported_possible_unintended_missing,auto_supported_spotcheck_recommended,possible_missing_boundary,phase2c_auto_supported_possible_unintended_missing,auto_supported_spotcheck_recommended,high,phase2b4_possible_missing_preserved,false,7,347,3.35,0.0,1.0,0.0,-0.4472361809045226,1.5,False,0.0,0.0,ori101,boundary,r121
E_N005621_N005627,9979,N005621,N005627,auto_supported_possible_unintended_missing,auto_supported_spotcheck_recommended,possible_missing_boundary,phase2c_auto_supported_possible_unintended_missing,auto_supported_spotcheck_recommended,high,phase2b4_possible_missing_preserved,false,7,348,3.35,0.0,1.0,0.0,-0.25542168674698795,1.5,False,0.0,0.0,ori101,boundary,r121
E_N005621_N006761,11992,N005621,N006761,auto_supported_possible_unintended_missing,auto_supported_spotcheck_recommended,possible_missing_boundary,phase2c_auto_supported_possible_unintended_missing,auto_supported_spotcheck_recommended,high,phase2b4_possible_missing_preserved,false,7,349,3.35,0.0,1.0,0.0,-0.9866666666666667,1.5,False,0.0,0.0,ori101,boundary,r121
E_N006713_N006733,11938,N006713,N006733,auto_supported_possible_unintended_missing,auto_supported_spotcheck_recommended,possible_missing_boundary,phase2c_auto_supported_possible_unintended_missing,auto_supported_spotcheck_recommended,high,phase2b4_possible_missing_preserved,false,7,351,3.35,0.0,1.0,0.0,-1.5306859205776173,1.5,False,0.0,0.0,ori101,boundary,r121
E_N006713_N007867,13953,N006713,N007867,auto_supported_possible_unintended_missing,auto_supported_spotcheck_recommended,possible_missing_boundary,phase2c_auto_supported_possible_unintended_missing,auto_supported_spotcheck_recommended,high,phase2b4_possible_missing_preserved,false,7,352,3.35,0.0,1.0,0.0,-1.0899182561307903,1.5,False,0.0,0.0,ori101,boundary,r122
E_N006727_N006733,11939,N006727,N006733,auto_supported_possible_unintended_missing,auto_supported_spotcheck_recommended,possible_missing_boundary,phase2c_auto_supported_possible_unintended_missing,auto_supported_spotcheck_recommended,high,phase2b4_possible_missing_preserved,false,7,353,3.35,0.0,1.0,0.0,-0.9651898734177216,1.5,False,0.0,0.0,ori101,boundary,r121
E_N006727_N006747,11966,N006727,N006747,auto_supported_possible_unintended_missing,auto_supported_spotcheck_recommended,possible_missing_boundary,phase2c_auto_supported_possible_unintended_missing,auto_supported_spotcheck_recommended,high,phase2b4_possible_missing_preserved,false,7,354,3.35,0.0,1.0,0.0,-1.7112068965517242,1.5,False,0.0,0.0,ori101,boundary,r121
E_N006727_N007867,13952,N006727,N007867,auto_supported_possible_unintended_missing,auto_supported_spotcheck_recommended,possible_missing_boundary,phase2c_auto_supported_possible_unintended_missing,auto_supported_spotcheck_recommended,high,phase2b4_possible_missing_preserved,false,7,355,3.35,0.0,1.0,0.0,-1.7397769516728625,1.5,False,0.0,0.0,ori101,boundary,r122
E_N006727_N007881,13981,N006727,N007881,auto_supported_possible_unintended_missing,auto_supported_spotcheck_recommended,possible_missing_boundary,phase2c_auto_supported_possible_unintended_missing,auto_supported_spotcheck_recommended,high,phase2b4_possible_missing_preserved,false,7,356,3.35,0.0,1.0,0.0,-0.4295774647887324,1.5,False,0.0,0.0,ori101,boundary,r122
E_N006741_N006747,11967,N006741,N006747,auto_supported_possible_unintended_missing,auto_supported_spotcheck_recommended,possible_missing_boundary,phase2c_auto_supported_possible_unintended_missing,auto_supported_spotcheck_recommended,high,phase2b4_possible_missing_preserved,false,7,357,3.35,0.0,1.0,0.0,-0.5472103004291845,1.5,False,0.0,0.0,ori101,boundary,r121
E_N006741_N006761,11994,N006741,N006761,auto_supported_possible_unintended_missing,auto_supported_spotcheck_recommended,possible_missing_boundary,phase2c_auto_supported_possible_unintended_missing,auto_supported_spotcheck_recommended,high,phase2b4_possible_missing_preserved,false,7,358,3.35,0.0,1.0,0.0,-1.4008620689655173,1.5,False,0.0,0.0,ori101,boundary,r121
E_N006741_N007881,13980,N006741,N007881,auto_supported_possible_unintended_missing,auto_supported_spotcheck_recommended,possible_missing_boundary,phase2c_auto_supported_possible_unintended_missing,auto_supported_spotcheck_recommended,high,phase2b4_possible_missing_preserved,false,7,359,3.35,0.0,1.0,0.0,-1.5887445887445888,1.5,False,0.0,0.0,ori101,boundary,r122
E_N006741_N007895,14009,N006741,N007895,auto_supported_possible_unintended_missing,auto_supported_spotcheck_recommended,possible_missing_boundary,phase2c_auto_supported_possible_unintended_missing,auto_supported_spotcheck_recommended,high,phase2b4_possible_missing_preserved,false,7,360,3.35,0.0,1.0,0.0,-0.47745358090185674,1.5,False,0.0,0.0,ori101,boundary,r122
E_N006755_N006761,11995,N006755,N006761,auto_supported_possible_unintended_missing,auto_supported_spotcheck_recommended,possible_missing_boundary,phase2c_auto_supported_possible_unintended_missing,auto_supported_spotcheck_recommended,high,phase2b4_possible_missing_preserved,false,7,361,3.35,0.0,1.0,0.0,-0.30930930930930933,1.5,False,0.0,0.0,ori101,boundary,r121
E_N006755_N007895,14008,N006755,N007895,auto_supported_possible_unintended_missing,auto_supported_spotcheck_recommended,possible_missing_boundary,phase2c_auto_supported_possible_unintended_missing,auto_supported_spotcheck_recommended,high,phase2b4_possible_missing_preserved,false,7,362,3.35,0.0,1.0,0.0,-1.325088339222615,1.5,False,0.0,0.0,ori101,boundary,r122
E_N007847_N007867,13954,N007847,N007867,auto_supported_possible_unintended_missing,auto_supported_spotcheck_recommended,possible_missing_boundary,phase2c_auto_supported_possible_unintended_missing,auto_supported_spotcheck_recommended,high,phase2b4_possible_missing_preserved,false,7,366,3.35,0.0,1.0,0.0,-1.1852861035422344,1.5,False,0.0,0.0,ori101,boundary,r122
E_N007847_N009001,15969,N007847,N009001,auto_supported_possible_unintended_missing,auto_supported_spotcheck_recommended,possible_missing_boundary,phase2c_auto_supported_possible_unintended_missing,auto_supported_spotcheck_recommended,high,phase2b4_possible_missing_preserved,false,7,367,3.35,0.0,1.0,0.0,-0.7943661971830986,1.5,False,0.0,0.0,ori101,boundary,r122
E_N007861_N007867,13955,N007861,N007867,auto_supported_possible_unintended_missing,auto_supported_spotcheck_recommended,possible_missing_boundary,phase2c_auto_supported_possible_unintended_missing,auto_supported_spotcheck_recommended,high,phase2b4_possible_missing_preserved,false,7,368,3.35,0.0,1.0,0.0,-1.0384615384615385,1.5,False,0.0,0.0,ori101,boundary,r122
E_N007861_N007881,13982,N007861,N007881,auto_supported_possible_unintended_missing,auto_supported_spotcheck_recommended,possible_missing_boundary,phase2c_auto_supported_possible_unintended_missing,auto_supported_spotcheck_recommended,high,phase2b4_possible_missing_preserved,false,7,369,3.35,0.0,1.0,0.0,-1.6779661016949152,1.5,False,0.0,0.0,ori101,boundary,r122
E_N007861_N009001,15968,N007861,N009001,auto_supported_possible_unintended_missing,auto_supported_spotcheck_recommended,possible_missing_boundary,phase2c_auto_supported_possible_unintended_missing,auto_supported_spotcheck_recommended,high,phase2b4_possible_missing_preserved,false,7,370,3.35,0.0,1.0,0.0,-1.1724137931034482,1.5,False,0.0,0.0,ori101,boundary,r122
E_N007861_N009015,15997,N007861,N009015,auto_supported_possible_unintended_missing,auto_supported_spotcheck_recommended,possible_missing_boundary,phase2c_auto_supported_possible_unintended_missing,auto_supported_spotcheck_recommended,high,phase2b4_possible_missing_preserved,false,7,371,3.35,0.0,1.0,0.0,-0.9571788413098237,1.5,False,0.0,0.0,ori101,boundary,r122
E_N007875_N007881,13983,N007875,N007881,auto_supported_possible_unintended_missing,auto_supported_spotcheck_recommended,possible_missing_boundary,phase2c_auto_supported_possible_unintended_missing,auto_supported_spotcheck_recommended,high,phase2b4_possible_missing_preserved,false,7,372,3.35,0.0,1.0,0.0,-0.6807511737089202,1.5,False,0.0,0.0,ori101,boundary,r122
E_N007875_N007895,14010,N007875,N007895,auto_supported_possible_unintended_missing,auto_supported_spotcheck_recommended,possible_missing_boundary,phase2c_auto_supported_possible_unintended_missing,auto_supported_spotcheck_recommended,high,phase2b4_possible_missing_preserved,false,7,373,3.35,0.0,1.0,0.0,-1.2635658914728682,1.5,False,0.0,0.0,ori101,boundary,r122
E_N007875_N009015,15996,N007875,N009015,auto_supported_possible_unintended_missing,auto_supported_spotcheck_recommended,possible_missing_boundary,phase2c_auto_supported_possible_unintended_missing,auto_supported_spotcheck_recommended,high,phase2b4_possible_missing_preserved,false,7,374,3.35,0.0,1.0,0.0,-1.297805642633229,1.5,False,0.0,0.0,ori101,boundary,r122
E_N007875_N009029,16025,N007875,N009029,auto_supported_possible_unintended_missing,auto_supported_spotcheck_recommended,possible_missing_boundary,phase2c_auto_supported_possible_unintended_missing,auto_supported_spotcheck_recommended,high,phase2b4_possible_missing_preserved,false,7,375,3.35,0.0,1.0,0.0,-0.578005115089514,1.5,False,0.0,0.0,ori101,boundary,r122
E_N007889_N007895,14011,N007889,N007895,auto_supported_possible_unintended_missing,auto_supported_spotcheck_recommended,possible_missing_boundary,phase2c_auto_supported_possible_unintended_missing,auto_supported_spotcheck_recommended,high,phase2b4_possible_missing_preserved,false,7,376,3.35,0.0,1.0,0.0,-0.43673469387755104,1.5,False,0.0,0.0,ori101,boundary,r122
E_N007889_N009029,16024,N007889,N009029,auto_supported_possible_unintended_missing,auto_supported_spotcheck_recommended,possible_missing_boundary,phase2c_auto_supported_possible_unintended_missing,auto_supported_spotcheck_recommended,high,phase2b4_possible_missing_preserved,false,7,377,3.35,0.0,1.0,0.0,-1.2222222222222223,1.5,False,0.0,0.0,ori101,boundary,r122
E_N008309_N008313,14755,N008309,N008313,auto_supported_possible_unintended_missing,auto_supported_spotcheck_recommended,possible_missing_boundary,phase2c_auto_supported_possible_unintended_missing,auto_supported_spotcheck_recommended,high,phase2b4_possible_missing_preserved,false,7,379,3.35,0.0,1.0,0.0,-0.08,1.5,False,0.0,0.0,ori011,boundary,r202
E_N008981_N009001,15970,N008981,N009001,auto_supported_possible_unintended_missing,auto_supported_spotcheck_recommended,possible_missing_boundary,phase2c_auto_supported_possible_unintended_missing,auto_supported_spotcheck_recommended,high,phase2b4_possible_missing_preserved,false,7,382,3.35,0.0,1.0,0.0,-1.4952076677316295,1.5,False,0.0,0.0,ori101,boundary,r122
E_N008981_N010135,18289,N008981,N010135,auto_supported_possible_unintended_missing,auto_supported_spotcheck_recommended,possible_missing_boundary,phase2c_auto_supported_possible_unintended_missing,auto_supported_spotcheck_recommended,high,phase2b4_possible_missing_preserved,false,7,383,3.35,0.0,1.0,0.0,-1.2164383561643837,1.5,False,0.0,0.0,ori101,boundary,r122
E_N008995_N009001,15971,N008995,N009001,auto_supported_possible_unintended_missing,auto_supported_spotcheck_recommended,possible_missing_boundary,phase2c_auto_supported_possible_unintended_missing,auto_supported_spotcheck_recommended,high,phase2b4_possible_missing_preserved,false,7,384,3.35,0.0,1.0,0.0,-0.8338870431893688,1.5,False,0.0,0.0,ori101,boundary,r122
E_N008995_N009015,15998,N008995,N009015,auto_supported_possible_unintended_missing,auto_supported_spotcheck_recommended,possible_missing_boundary,phase2c_auto_supported_possible_unintended_missing,auto_supported_spotcheck_recommended,high,phase2b4_possible_missing_preserved,false,7,385,3.35,0.0,1.0,0.0,-0.896875,1.5,False,0.0,0.0,ori101,boundary,r122
E_N008995_N010135,18288,N008995,N010135,auto_supported_possible_unintended_missing,auto_supported_spotcheck_recommended,possible_missing_boundary,phase2c_auto_supported_possible_unintended_missing,auto_supported_spotcheck_recommended,high,phase2b4_possible_missing_preserved,false,7,386,3.35,0.0,1.0,0.0,-1.2649006622516556,1.5,False,0.0,0.0,ori101,boundary,r122
E_N008995_N010149,18321,N008995,N010149,auto_supported_possible_unintended_missing,auto_supported_spotcheck_recommended,possible_missing_boundary,phase2c_auto_supported_possible_unintended_missing,auto_supported_spotcheck_recommended,high,phase2b4_possible_missing_preserved,false,7,387,3.35,0.0,1.0,0.0,-0.8125,1.5,False,0.0,0.0,ori101,boundary,r122
E_N009009_N009015,15999,N009009,N009015,auto_supported_possible_unintended_missing,auto_supported_spotcheck_recommended,possible_missing_boundary,phase2c_auto_supported_possible_unintended_missing,auto_supported_spotcheck_recommended,high,phase2b4_possible_missing_preserved,false,7,388,3.35,0.0,1.0,0.0,-0.6252873563218391,1.5,False,0.0,0.0,ori101,boundary,r122
E_N009009_N009029,16026,N009009,N009029,auto_supported_possible_unintended_missing,auto_supported_spotcheck_recommended,possible_missing_boundary,phase2c_auto_supported_possible_unintended_missing,auto_supported_spotcheck_recommended,high,phase2b4_possible_missing_preserved,false,7,389,3.35,0.0,1.0,0.0,-1.0880281690140845,1.5,False,0.0,0.0,ori101,boundary,r122
E_N009009_N010149,18320,N009009,N010149,auto_supported_possible_unintended_missing,auto_supported_spotcheck_recommended,possible_missing_boundary,phase2c_auto_supported_possible_unintended_missing,auto_supported_spotcheck_recommended,high,phase2b4_possible_missing_preserved,false,7,390,3.35,0.0,1.0,0.0,-1.01171875,1.5,False,0.0,0.0,ori101,boundary,r122
E_N009009_N010163,18353,N009009,N010163,auto_supported_possible_unintended_missing,auto_supported_spotcheck_recommended,possible_missing_boundary,phase2c_auto_supported_possible_unintended_missing,auto_supported_spotcheck_recommended,high,phase2b4_possible_missing_preserved,false,7,391,3.35,0.0,1.0,0.0,-0.8814016172506739,1.5,False,0.0,0.0,ori101,boundary,r122
E_N009023_N009029,16027,N009023,N009029,auto_supported_possible_unintended_missing,auto_supported_spotcheck_recommended,possible_missing_boundary,phase2c_auto_supported_possible_unintended_missing,auto_supported_spotcheck_recommended,high,phase2b4_possible_missing_preserved,false,7,392,3.35,0.0,1.0,0.0,-0.6074766355140186,1.5,False,0.0,0.0,ori101,boundary,r122
E_N009023_N010163,18352,N009023,N010163,auto_supported_possible_unintended_missing,auto_supported_spotcheck_recommended,possible_missing_boundary,phase2c_auto_supported_possible_unintended_missing,auto_supported_spotcheck_recommended,high,phase2b4_possible_missing_preserved,false,7,393,3.35,0.0,1.0,0.0,-1.3834808259587021,1.5,False,0.0,0.0,ori101,boundary,r122
E_N009317_N009321,16623,N009317,N009321,auto_supported_possible_unintended_missing,auto_supported_spotcheck_recommended,possible_missing_boundary,phase2c_auto_supported_possible_unintended_missing,auto_supported_spotcheck_recommended,high,phase2b4_possible_missing_preserved,false,7,394,3.35,0.0,1.0,0.0,-0.11052631578947368,1.5,False,0.0,0.0,ori011,boundary,r202
E_N009443_N009447,16879,N009443,N009447,auto_supported_possible_unintended_missing,auto_supported_spotcheck_recommended,possible_missing_boundary,phase2c_auto_supported_possible_unintended_missing,auto_supported_spotcheck_recommended,high,phase2b4_possible_missing_preserved,false,7,396,3.35,0.0,1.0,0.0,-0.18032786885245902,1.5,False,0.0,0.0,ori011,boundary,r202
E_N010115_N010135,18290,N010115,N010135,auto_supported_possible_unintended_missing,auto_supported_spotcheck_recommended,possible_missing_boundary,phase2c_auto_supported_possible_unintended_missing,auto_supported_spotcheck_recommended,high,phase2b4_possible_missing_preserved,false,7,397,3.35,0.0,1.0,0.0,-0.15603328710124825,1.5,False,0.0,0.0,ori101,boundary,r122
E_N010129_N010135,18291,N010129,N010135,auto_supported_possible_unintended_missing,auto_supported_spotcheck_recommended,possible_missing_boundary,phase2c_auto_supported_possible_unintended_missing,auto_supported_spotcheck_recommended,high,phase2b4_possible_missing_preserved,false,7,398,3.35,0.0,1.0,0.0,-0.3031026252983294,1.5,False,0.0,0.0,ori101,boundary,r122
E_N010129_N010149,18322,N010129,N010149,auto_supported_possible_unintended_missing,auto_supported_spotcheck_recommended,possible_missing_boundary,phase2c_auto_supported_possible_unintended_missing,auto_supported_spotcheck_recommended,high,phase2b4_possible_missing_preserved,false,7,399,3.35,0.0,1.0,0.0,-0.26918671248568155,1.5,False,0.0,0.0,ori101,boundary,r122
E_N010143_N010149,18323,N010143,N010149,auto_supported_possible_unintended_missing,auto_supported_spotcheck_recommended,possible_missing_boundary,phase2c_auto_supported_possible_unintended_missing,auto_supported_spotcheck_recommended,high,phase2b4_possible_missing_preserved,false,7,400,3.35,0.0,1.0,0.0,-0.16455696202531644,1.5,False,0.0,0.0,ori101,boundary,r122
E_N010143_N010163,18354,N010143,N010163,auto_supported_possible_unintended_missing,auto_supported_spotcheck_recommended,possible_missing_boundary,phase2c_auto_supported_possible_unintended_missing,auto_supported_spotcheck_recommended,high,phase2b4_possible_missing_preserved,false,7,401,3.35,0.0,1.0,0.0,-0.20987654320987653,1.5,False,0.0,0.0,ori101,boundary,r122
E_N010157_N010163,18355,N010157,N010163,auto_supported_possible_unintended_missing,auto_supported_spotcheck_recommended,possible_missing_boundary,phase2c_auto_supported_possible_unintended_missing,auto_supported_spotcheck_recommended,high,phase2b4_possible_missing_preserved,false,7,402,3.35,0.0,1.0,0.0,-0.13861386138613863,1.5,False,0.0,0.0,ori101,boundary,r122
