sample_order,strut_id,start_z,start_y,start_x,end_z,end_y,end_x,mid_z,mid_y,mid_x,length_vox,region,height_band,orientation,occupancy,gap_fraction,start_support,end_support,alignment_error_vox,diameter_median_um,diameter_std_um,diameter_q25_um,diameter_q75_um,peak_intensity_median,station_count,coarse_state,threshold_stability,threshold_states,diameter_threshold_range_um,runtime_seconds,thickness_measurement_valid,thickness_exclusion_reason,prediction,confidence_percent_uncalibrated,prediction_reason,thin_candidate_cutoff_um
0,8578,341.97720220955,288.380689482072,376.1938696657907,342.0537243808751,249.09333764919356,336.50469883833887,342.01546329521256,268.73701356563276,356.34928425206476,55.845609949697355,interior,middle,0:-1:-1,1.0,0.0,1.0,1.0,0.0,259.7863776259256,0.0,259.7863776259256,259.7863776259256,47397.0,113,intact,1.0,intact|intact|intact,52.22171831654964,0.04670237499522045,True,,intact,100.0,occupancy=1.000; gap=0.000,232.36
1,6874,302.43368004460854,366.2435968914385,574.0692338836675,342.03156937683474,326.8648589990954,573.8361821884255,322.23262471072167,346.5542279452669,573.9527080360465,55.84560994969742,interior,middle,1:-1:0,1.0,0.0,1.0,1.0,2.0,328.6066633530124,17.16062005179814,328.6066633530124,328.6066633530124,50892.0,113,intact,1.0,intact|intact|intact,63.958281683450366,0.055760334005753975,True,,intact,83.0,occupancy=1.000; gap=0.000,232.36
2,6140,303.1113020845149,51.543191070483076,335.5324381116435,303.03477991318965,90.8305429033616,375.22160893909546,303.07304099885226,71.18686698692234,355.3770235253695,55.8456099496975,exterior,middle,0:-1:-1,1.0,0.0,1.0,1.0,0.0,232.36,8.589907849410551e-14,232.36,232.36,49189.0,113,intact,1.0,intact|intact|intact,27.426377625925568,0.039405625000654254,False,exterior strut may be contaminated by solid skin/wall,intact,100.0,occupancy=1.000; gap=0.000,232.36
3,1233,65.0759105652273,484.65396874686195,456.40003157276414,25.619988073631237,484.34376364839903,495.92048328814565,45.34794931942927,484.4988661976305,476.16025743045486,55.84560994969748,exterior,low,1:0:-1,1.0,0.0,1.0,1.0,0.0,592.4040870892097,284.8258293371978,506.41687926055545,943.8507818506059,58086.0,113,intact,1.0,intact|intact|intact,290.7551201291167,0.049592082999879494,False,exterior strut may be contaminated by solid skin/wall,intact,100.0,occupancy=1.000; gap=0.000,232.36
4,5028,223.32550105350165,366.82796016829553,416.1804247716563,223.2489788821765,406.1153120011738,455.8695955991083,223.28723996783907,386.47163608473466,436.0250101853823,55.845609949697334,interior,low,0:-1:-1,1.0,0.0,1.0,1.0,2.0,259.7863776259256,14.137532736140914,232.36,259.7863776259256,48634.0,113,intact,1.0,intact|intact|intact,52.22171831654964,0.047227917006239295,True,,intact,83.0,occupancy=1.000; gap=0.000,232.36
5,16563,737.431517834555,130.7190127138388,533.0218068304907,697.8336285023288,170.09775060618196,533.2548585257325,717.6325731684419,150.40838166001038,533.1383326781116,55.84560994969754,exterior,high,1:-1:0,1.0,0.0,1.0,1.0,1.0,348.54,3.90045756390025,348.54,348.54,48713.0,113,intact,1.0,intact|intact|intact,63.958281683450366,0.0930930829999852,False,exterior strut may be contaminated by solid skin/wall,intact,90.1,occupancy=1.000; gap=0.000,232.36
6,15105,618.1354271446611,407.2094071961648,455.54793268325017,617.9934603040311,446.89835018697096,416.26053266311067,618.0644437243461,427.0538786915679,435.90423267318045,55.845609949697526,exterior,high,0:-1:1,1.0,0.0,1.0,1.0,0.0,201.22966282335216,18.308523155891212,164.3033316765062,201.22966282335216,43575.0,113,intact,1.0,intact|intact|intact,68.05666832349382,0.044383540996932425,False,exterior strut may be contaminated by solid skin/wall,intact,100.0,occupancy=1.000; gap=0.000,232.36
7,4762,223.19461171489178,367.63114248415064,258.22728307647355,262.7925010471179,328.2524045918075,257.99423138123154,242.99355638100485,347.9417735379791,258.11075722885255,55.84560994969746,interior,low,1:-1:0,1.0,0.0,1.0,1.0,0.0,284.58171831654965,11.714520523477928,284.58171831654965,284.58171831654965,50557.0,113,intact,1.0,intact|intact|intact,68.8202857270868,0.060072457999922335,True,,intact,100.0,occupancy=1.000; gap=0.000,232.36
8,1902,24.887998866440263,760.5599999523312,536.8149665375349,24.9645210377654,721.2726481194526,497.12579571008297,24.926259952102832,740.9163240358919,516.9703811238089,55.84560994969753,exterior,low,0:-1:-1,1.0,0.0,1.0,1.0,0.0,1235.0103405235118,42.35167348582966,1196.1463097798699,1256.678841550219,54315.0,113,intact,1.0,intact|intact|intact,65.89152768777126,0.043355625006370246,False,exterior strut may be contaminated by solid skin/wall,intact,100.0,occupancy=1.000; gap=0.000,232.36
9,5545,183.69437921521487,522.8639800854912,772.4107014920285,183.55241237458475,562.5529230762974,733.1233014718889,183.6233957948998,542.7084515808942,752.7670014819587,55.84560994969757,exterior,low,0:-1:1,1.0,0.0,1.0,1.0,5.196152422706632,201.22966282335216,23.675931803011533,201.22966282335216,232.36,47754.0,113,intact,1.0,intact|intact|intact,31.130337176647856,0.03579695799999172,False,exterior strut may be contaminated by solid skin/wall,uncertain,50.0,occupancy=1.000; gap=0.000; centerline alignment is outside the reliable range,232.36
10,15049,578.6251374857804,368.4150325806787,297.42607187599697,618.0810599773763,368.72523767914157,257.90562016061546,598.3530987315784,368.5701351299101,277.6658460183062,55.845609949697334,interior,high,1:0:-1,1.0,0.0,1.0,1.0,0.0,328.6066633530124,8.32667680471931,328.6066633530124,328.6066633530124,50721.0,113,intact,1.0,intact|intact|intact,19.93333664698764,0.045173166996391956,True,,intact,100.0,occupancy=1.000; gap=0.000,232.36
11,10040,380.525936147264,721.2533559001256,694.2777262047894,341.00456898636315,721.3447419595901,654.8216070725794,360.7652525668136,721.2990489298579,674.5496666386844,55.84560994969745,exterior,middle,1:0:1,1.0,0.0,1.0,1.0,3.4641016151377544,328.6066633530124,29.00246682249102,284.58171831654965,328.6066633530124,52334.0,113,intact,1.0,intact|intact|intact,44.024945036462725,0.03865220900479471,False,exterior strut may be contaminated by solid skin/wall,uncertain,50.0,occupancy=1.000; gap=0.000; centerline alignment is outside the reliable range,232.36
12,15040,578.5596928164755,368.8166237386063,218.4495010284056,578.4831706451504,408.1039755714846,258.13867185585747,578.521431730813,388.46029965504545,238.29408644213152,55.84560994969728,interior,high,0:-1:-1,1.0,0.0,1.0,1.0,0.0,232.36,13.59833089969363,232.36,259.7863776259256,46488.0,113,intact,1.0,intact|intact|intact,27.426377625925568,0.042225207995215897,True,,thin,100.0,occupancy=1.000; gap=0.000; valid interior diameter=232.4 µm is in the sample's exploratory lower tail (≤232.4 µm),232.36
13,1504,65.05375556118676,562.4254900967637,693.7315149228509,25.532388400285885,562.5168761562285,654.2753957906409,45.29307198073632,562.471183126496,674.0034553567459,55.845609949697455,exterior,low,1:0:1,1.0,0.0,1.0,1.0,2.8284271247461903,385.32546814349035,173.75127159523203,328.6066633530124,445.78491929261236,53678.0,113,intact,1.0,intact|intact|intact,86.16575519539651,0.05009495800186414,False,exterior strut may be contaminated by solid skin/wall,intact,78.6,occupancy=1.000; gap=0.000,232.36
14,10026,419.83989179823004,761.2525039893944,615.4698744692682,380.4604914779592,721.6549470580532,615.3011553571978,400.1501916380946,741.4537255237237,615.385514913233,55.84560994969739,exterior,middle,1:1:0,0.9734513274336283,0.02654867256637168,0.75,1.0,2.23606797749979,328.6066633530124,16.141063845411324,328.6066633530124,348.54,53187.0,113,intact,1.0,intact|intact|intact,19.93333664698764,0.05464429200219456,False,exterior strut may be contaminated by solid skin/wall,intact,81.6,occupancy=0.973; gap=0.027,232.36
15,14432,579.3460491909511,131.08455695169746,375.19733030165094,618.725449511222,170.6821138830389,375.3660494137213,599.0357493510866,150.8833354173682,375.28168985768616,55.84560994969751,exterior,high,1:1:0,1.0,0.0,1.0,1.0,0.0,284.58171831654965,5.338808780804346,284.58171831654965,284.58171831654965,50402.0,113,intact,1.0,intact|intact|intact,68.8202857270868,0.06705187499755993,False,exterior strut may be contaminated by solid skin/wall,intact,100.0,occupancy=1.000; gap=0.000,232.36
16,9158,381.46533686439017,404.9465854474598,771.6472138231304,420.9212593559862,405.25679054592274,732.1267621077491,401.19329811018815,405.1016879966913,751.8869879654397,55.845609949697334,exterior,middle,1:0:-1,1.0,0.0,1.0,1.0,1.7320508075688772,328.6066633530124,25.356400577147127,328.6066633530124,348.54,53021.0,113,intact,1.0,intact|intact|intact,63.958281683450366,0.10301858299499145,False,exterior strut may be contaminated by solid skin/wall,intact,84.6,occupancy=1.000; gap=0.000,232.36
17,10801,460.20300284370785,329.0002477682668,218.34511449950674,420.74708035211177,328.69004266980386,257.8655662148883,440.4750415979098,328.8451452190353,238.10534035719752,55.84560994969753,interior,middle,1:0:-1,1.0,0.0,1.0,1.0,0.0,328.6066633530124,28.421524325019206,284.58171831654965,348.54,53379.0,113,intact,1.0,intact|intact|intact,19.93333664698764,0.08928204100084258,True,,intact,100.0,occupancy=1.000; gap=0.000,232.36
18,13801,538.7100819662335,603.8289384794866,575.08154855609,578.0894822865042,643.426495410828,575.2502676681606,558.3997821263688,623.6277169451573,575.1659081121253,55.84560994969739,interior,high,1:1:0,1.0,0.0,1.0,1.0,1.7320508075688772,328.6066633530124,5.726605232940367e-14,328.6066633530124,328.6066633530124,51763.0,113,intact,1.0,intact|intact|intact,19.93333664698764,0.1445196670028963,True,,intact,84.6,occupancy=1.000; gap=0.000,232.36
19,3492,143.90015587507392,563.4474914516171,535.7140406444962,183.42152303597487,563.3561053921525,575.1701597767062,163.6608394555244,563.4017984218848,555.4421002106012,55.845609949697504,interior,low,1:0:1,1.0,0.0,1.0,1.0,2.8284271247461903,328.6066633530124,21.37980614505907,328.6066633530124,348.54,51851.0,113,intact,1.0,intact|intact|intact,56.718804790477975,0.13240987499739276,True,,intact,78.6,occupancy=1.000; gap=0.000,232.36
20,8410,421.2384255433071,209.2216225394581,454.70433712289815,381.8590252230362,169.6240656081167,454.5356180108277,401.54872538317164,189.42284407378742,454.61997756686293,55.84560994969749,interior,middle,1:1:0,1.0,0.0,1.0,1.0,1.0,328.6066633530124,13.205665084395878,328.6066633530124,328.6066633530124,51355.0,113,intact,1.0,intact|intact|intact,63.958281683450366,0.134430666003027,True,,intact,90.1,occupancy=1.000; gap=0.000,232.36
21,13543,578.3190488004798,525.5644399121925,456.18275518580475,538.7211594682539,564.9431778045357,456.41580688104676,558.5201041343669,545.2538088583641,456.29928103342576,55.84560994969734,interior,high,1:-1:0,1.0,0.0,1.0,1.0,0.0,348.54,7.896618639966613,348.54,348.54,49978.0,113,intact,1.0,intact|intact|intact,63.958281683450366,0.12587391700071748,True,,intact,100.0,occupancy=1.000; gap=0.000,232.36
22,5214,262.4974898638374,446.51605124837045,298.08517301599596,223.04156737224145,446.2058461499076,337.6056247313774,242.76952861803943,446.36094869913904,317.8453988736867,55.845609949697376,interior,low,1:0:-1,1.0,0.0,1.0,1.0,0.0,348.54,25.115612598861492,348.54,402.4593256467043,53350.0,113,intact,1.0,intact|intact|intact,36.785468143490334,0.10004650000337278,True,,intact,100.0,occupancy=1.000; gap=0.000,232.36
23,12600,539.4642261774651,249.84118082565283,296.8555819566141,499.94285901656406,249.93256688511752,257.39946282440417,519.7035425970146,249.88687385538518,277.12752239050917,55.845609949697526,interior,high,1:0:1,1.0,0.0,1.0,1.0,0.0,348.54,3.3929316376182768,348.54,348.54,52654.0,113,intact,1.0,intact|intact|intact,56.718804790477975,0.10664962499868125,True,,intact,100.0,occupancy=1.000; gap=0.000,232.36
24,15367,657.645716803542,446.00378181165104,613.6697934905033,618.1243496426409,446.09516787111585,574.2136743582935,637.8850332230915,446.04947484138347,593.9417339243984,55.845609949697405,exterior,high,1:0:1,1.0,0.0,1.0,1.0,1.0,348.54,16.300611178777267,328.6066633530124,367.3934185583623,52605.0,113,intact,1.0,intact|intact|intact,56.718804790477975,0.09645329200429842,False,exterior strut may be contaminated by solid skin/wall,intact,90.1,occupancy=1.000; gap=0.000,232.36
25,3923,182.99562251408452,682.4229343645706,457.30795971628777,143.3977331818584,721.8016722569137,457.5410114115298,163.19667784797144,702.1123033107422,457.4244855639088,55.8456099496974,exterior,low,1:-1:0,1.0,0.0,1.0,1.0,0.0,348.54,7.394723065360018,348.54,348.54,52415.0,113,intact,1.0,intact|intact|intact,63.958281683450366,0.10712704100296833,False,exterior strut may be contaminated by solid skin/wall,intact,100.0,occupancy=1.000; gap=0.000,232.36
26,11425,420.1681354875712,526.3315753079789,219.38170780937372,420.0261686469411,566.020518298785,180.09430778923425,420.09715206725616,546.176046803382,199.738007799304,55.84560994969743,interior,middle,0:-1:1,1.0,0.0,1.0,1.0,0.0,232.36,16.578552837381586,232.36,259.7863776259256,48366.0,113,intact,1.0,intact|intact|intact,52.22171831654964,0.11683400000038091,True,,thin,100.0,occupancy=1.000; gap=0.000; valid interior diameter=232.4 µm is in the sample's exploratory lower tail (≤232.4 µm),232.36
27,13759,498.9047811240724,683.2982105205634,457.0506293836013,499.0467479647025,643.6092675297574,496.33802940374073,498.9757645443874,663.4537390251604,476.694329393671,55.845609949697405,exterior,middle,0:-1:1,1.0,0.0,1.0,1.0,1.4142135623730951,259.7863776259256,12.92608031187934,232.36,259.7863776259256,47832.0,113,intact,1.0,intact|intact|intact,52.22171831654964,0.1179234169976553,False,exterior strut may be contaminated by solid skin/wall,intact,86.8,occupancy=1.000; gap=0.000,232.36
28,4351,184.2411119165113,208.9667565803911,375.92076402482155,184.3830787571414,169.27781358958498,415.20816404496105,184.31209533682636,189.12228508498805,395.56446403489133,55.84560994969751,interior,low,0:-1:1,1.0,0.0,1.0,1.0,2.0,232.36,7.3792453375254325,232.36,232.36,46163.0,113,intact,1.0,intact|intact|intact,58.556714802573424,0.12179545900289668,True,,thin,83.0,occupancy=1.000; gap=0.000; valid interior diameter=232.4 µm is in the sample's exploratory lower tail (≤232.4 µm),232.36
29,7631,301.450989662218,605.1804371521298,180.3916920676479,261.85310032999183,644.5591750444729,180.62474376288995,281.6520449961049,624.8698060983013,180.50821791526892,55.84560994969742,exterior,middle,1:-1:0,1.0,0.0,1.0,1.0,0.0,348.54,9.500759369955539,328.6066633530124,348.54,52239.0,113,intact,1.0,intact|intact|intact,19.93333664698764,0.13598108400037745,False,exterior strut may be contaminated by solid skin/wall,intact,100.0,occupancy=1.000; gap=0.000,232.36
30,779,65.3709217485077,366.39032209029904,416.30908993799954,25.99152142823689,326.7927651589577,416.14037082592915,45.681221588372296,346.59154362462834,416.2247303819644,55.84560994969739,exterior,low,1:1:0,1.0,0.0,1.0,1.0,0.0,829.6911548281084,416.37569291094354,499.56826234148156,1251.2968945857735,53964.0,113,intact,1.0,intact|intact|intact,540.4529509429569,0.13005291599984048,False,exterior strut may be contaminated by solid skin/wall,intact,100.0,occupancy=1.000; gap=0.000,232.36
31,14407,579.0621155096909,210.4624429333097,296.622530261372,579.2040823503211,170.77349994250355,335.9099302815115,579.133098930006,190.61797143790662,316.2662302714417,55.845609949697526,interior,high,0:-1:1,1.0,0.0,1.0,1.0,0.0,232.36,11.107235081490574,232.36,232.36,44770.0,113,intact,1.0,intact|intact|intact,58.556714802573424,0.10718562499823747,True,,thin,100.0,occupancy=1.000; gap=0.000; valid interior diameter=232.4 µm is in the sample's exploratory lower tail (≤232.4 µm),232.36
32,4426,263.4147355769231,207.98080214560656,612.7861439844241,224.03533525665222,168.38324521426514,612.6174248723537,243.72503541678765,188.18202367993587,612.7017844283889,55.84560994969749,interior,low,1:1:0,1.0,0.0,1.0,1.0,2.449489742783178,284.58171831654965,38.37897894282452,259.7863776259256,328.6066633530124,51740.0,113,intact,1.0,intact|intact|intact,68.8202857270868,0.11883633300021756,True,,intact,80.5,occupancy=1.000; gap=0.000,232.36
33,16082,656.7717607557208,761.9089611063891,615.2768767197533,617.3158382641246,761.5987560079262,654.7973284351349,637.0437995099228,761.7538585571576,635.0371025774441,55.84560994969761,exterior,high,1:0:-1,0.0,1.0,0.0,0.0,,,0.0,,,32473.0,113,missing,1.0,missing|missing|missing,,0.09803645800275262,False,exterior strut may be contaminated by solid skin/wall,missing,100.0,occupancy=0.000; gap=1.000; negligible material along the expected strut,232.36
34,9000,341.6278238589847,368.16016662161167,218.64249877792045,381.1491910198856,368.06878056214697,258.0986179101303,361.38850743943516,368.11447359187935,238.37055834402537,55.84560994969738,interior,middle,1:0:1,1.0,0.0,1.0,1.0,0.0,348.54,18.15872203784095,348.54,348.54,53601.0,113,intact,1.0,intact|intact|intact,53.919325646704294,0.11749662500369595,True,,intact,100.0,occupancy=1.000; gap=0.000,232.36
35,16247,737.3660731652501,131.12060387176638,454.0452359828992,737.4425953365752,91.8332520388879,414.35606515544714,737.4043342509126,111.47692795532714,434.20065056917315,55.84560994969753,exterior,high,0:-1:-1,1.0,0.0,1.0,1.0,0.0,813.26,21.97689421313167,779.3591328777768,813.26,47163.0,113,intact,1.0,intact|intact|intact,133.22479078480717,0.09555620899482165,False,exterior strut may be contaminated by solid skin/wall,intact,100.0,occupancy=1.000; gap=0.000,232.36
36,10884,421.0853812006568,287.7963262052151,534.0826787778021,421.0088590293316,327.0836780380935,573.7718496052539,421.0471201149942,307.4400021216543,553.927264191528,55.84560994969729,interior,middle,0:-1:-1,1.0,0.0,1.0,1.0,1.0,232.36,17.93328833876024,201.22966282335216,232.36,44351.0,113,intact,1.0,intact|intact|intact,58.556714802573424,0.2718916250014445,True,,thin,90.1,occupancy=1.000; gap=0.000; valid interior diameter=232.4 µm is in the sample's exploratory lower tail (≤232.4 µm),232.36
37,8619,381.7170583824062,209.31300859892278,415.2482179906882,342.11916905018,248.69174649126597,415.4812696859302,361.9181137162931,229.00237754509436,415.3647438383092,55.84560994969752,interior,middle,1:-1:0,1.0,0.0,1.0,1.0,0.0,284.58171831654965,12.293070677681499,284.58171831654965,284.58171831654965,50831.0,113,intact,1.0,intact|intact|intact,68.8202857270868,0.11962816699815448,True,,intact,100.0,occupancy=1.000; gap=0.000,232.36
38,9160,381.54185903571533,365.6592336145815,731.9580429956786,381.46533686439017,404.9465854474598,771.6472138231304,381.5035979500527,385.30290953102065,751.8026284094045,55.84560994969721,exterior,middle,0:-1:-1,1.0,0.0,1.0,1.0,1.0,259.7863776259256,53.77769054931389,232.36,259.7863776259256,48590.0,113,intact,1.0,intact|intact|intact,52.22171831654964,0.12189012499584351,False,exterior strut may be contaminated by solid skin/wall,intact,90.1,occupancy=1.000; gap=0.000,232.36
39,774,65.51288858913782,326.70137909949307,455.5964899581392,104.96881108073394,327.01158419795587,416.07603824275753,85.24084983493589,326.85648164872447,435.8362641004484,55.84560994969764,exterior,low,1:0:-1,1.0,0.0,1.0,1.0,0.0,402.4593256467043,26.124093390048337,348.54,402.4593256467043,53736.0,113,intact,1.0,intact|intact|intact,70.35294718340629,0.11030029199901037,False,exterior strut may be contaminated by solid skin/wall,intact,100.0,occupancy=1.000; gap=0.000,232.36
40,4956,223.12916704558685,368.0327336420782,179.25071222888215,223.05264487426166,407.3200854749565,218.93988305633414,223.09090595992427,387.6764095585173,199.09529764260816,55.845609949697355,interior,low,0:-1:-1,1.0,0.0,1.0,1.0,1.0,259.7863776259256,13.519181670544267,232.36,259.7863776259256,48941.0,113,intact,1.0,intact|intact|intact,52.22171831654964,0.09830099999817321,True,,intact,90.1,occupancy=1.000; gap=0.000,232.36
41,12958,579.2362945135652,287.0291908094287,770.883726154233,539.6384051813395,326.40792870177194,771.1167778494748,559.4373498474524,306.7185597556003,771.0002520018539,55.84560994969717,exterior,high,1:-1:0,0.5929203539823009,0.40707964601769914,0.0,1.0,4.242640687119285,116.18,4.312544253300017e-14,116.18,116.18,41498.0,113,broken,0.6666666666666666,intact|broken|broken,0.0,0.15332666699396214,False,exterior strut may be contaminated by solid skin/wall,broken,51.8,occupancy=0.593; gap=0.407; material support contains a long internal gap,232.36
42,17582,736.6230064560389,446.2226008506493,613.6054609073317,736.4810396154089,485.91154384145534,574.3180608871921,736.5520230357239,466.0670723460523,593.9617608972619,55.84560994969749,exterior,high,0:-1:1,1.0,0.0,1.0,1.0,0.0,999.4181495250125,22.894480102216924,965.0635603938221,1019.4753625272168,47982.0,113,intact,1.0,intact|intact|intact,137.25241054611286,0.10673829199367901,False,exterior strut may be contaminated by solid skin/wall,intact,100.0,occupancy=1.000; gap=0.000,232.36
43,2746,144.2173220623948,367.41232344515237,258.2916156596452,183.81521139462097,328.03358555280926,258.05856396440316,164.0162667285079,347.7229544989808,258.17508981202417,55.84560994969744,interior,low,1:-1:0,1.0,0.0,1.0,1.0,0.0,328.6066633530124,10.001608547481418,328.6066633530124,348.54,50956.0,113,intact,1.0,intact|intact|intact,63.958281683450366,0.19978633400023682,True,,intact,100.0,occupancy=1.000; gap=0.000,232.36
44,2620,144.91607876352515,207.853369166073,573.3943574353857,144.8395565922,247.14072099895148,613.083528262838,144.8778176778626,227.49704508251224,593.2389428491118,55.84560994969766,exterior,low,0:-1:-1,1.0,0.0,1.0,1.0,2.23606797749979,328.6066633530124,22.022133467793797,284.58171831654965,328.6066633530124,49693.0,113,intact,1.0,intact|intact|intact,88.75362237407444,0.10183304200472776,False,exterior strut may be contaminated by solid skin/wall,intact,81.6,occupancy=1.000; gap=0.000,232.36
45,3505,104.651644893413,523.0467522044205,693.4984632276087,104.50967805278282,562.7356951952266,654.2110632074691,104.5806614730979,542.8912236998235,673.8547632175389,55.84560994969757,exterior,low,0:-1:1,1.0,0.0,1.0,1.0,4.123105625617661,232.36,10.627698552527384,232.36,232.36,46591.0,113,intact,1.0,intact|intact|intact,31.130337176647856,0.10870558299939148,False,exterior strut may be contaminated by solid skin/wall,uncertain,50.0,occupancy=1.000; gap=0.000; centerline alignment is outside the reliable range,232.36
46,14925,579.1054051749554,287.83237312528394,612.9305844590501,618.5613276665515,288.14257822374674,573.4101327436686,598.8333664207535,287.98747567451534,593.1703586013593,55.84560994969753,interior,high,1:0:-1,1.0,0.0,1.0,1.0,0.0,348.54,23.1378982996377,328.6066633530124,385.32546814349035,51844.0,113,intact,1.0,intact|intact|intact,56.718804790477975,0.12103095899510663,True,,intact,100.0,occupancy=1.000; gap=0.000,232.36
47,10033,340.862602145733,761.0336849503963,615.5342070524398,380.3839693066339,760.9422988909316,654.9903261846498,360.62328572618344,760.987991920664,635.2622666185448,55.84560994969749,exterior,middle,1:0:1,0.0,1.0,0.0,0.0,,,0.0,,,32310.0,113,missing,1.0,missing|missing|missing,,0.12303841600078158,False,exterior strut may be contaminated by solid skin/wall,missing,100.0,occupancy=0.000; gap=1.000; negligible material along the expected strut,232.36
48,14940,579.1054051749554,287.83237312528394,612.9305844590501,579.0288830036303,327.11972495816246,652.6197552865021,579.0671440892929,307.4760490417232,632.7751698727761,55.84560994969753,interior,high,0:-1:-1,1.0,0.0,1.0,1.0,0.0,259.7863776259256,15.334852769707096,259.7863776259256,284.58171831654965,47213.0,113,intact,1.0,intact|intact|intact,52.22171831654964,0.1173912080048467,True,,intact,100.0,occupancy=1.000; gap=0.000,232.36
49,1600,64.44259853340189,643.8113318680138,220.27386064461476,103.96396569430287,643.7199458085491,259.72997977682456,84.20328211385238,643.7656388382815,240.00192021071967,55.84560994969738,exterior,low,1:0:1,1.0,0.0,1.0,1.0,0.0,418.8929471834063,11.443490708791328,418.8929471834063,418.8929471834063,53680.0,113,intact,1.0,intact|intact|intact,76.56308593755551,0.1380712919999496,False,exterior strut may be contaminated by solid skin/wall,intact,100.0,occupancy=1.000; gap=0.000,232.36
50,6198,342.5450695720704,129.62491751884775,533.3434697463485,303.1656692517995,90.02736058750644,533.1747506342783,322.85536941193493,109.82613905317709,533.2591101903134,55.845609949697455,exterior,middle,1:1:0,1.0,0.0,1.0,1.0,1.0,284.58171831654965,22.59827457970599,284.58171831654965,328.6066633530124,51053.0,113,intact,1.0,intact|intact|intact,44.024945036462725,0.1415547080032411,False,exterior strut may be contaminated by solid skin/wall,intact,90.1,occupancy=1.000; gap=0.000,232.36
51,17216,657.5369824689725,369.0354427776045,218.38516844523394,696.9163827892432,408.63299970894565,218.55388755730436,677.2266826291079,388.83422124327507,218.46952800126917,55.84560994969723,exterior,high,1:1:0,1.0,0.0,1.0,1.0,0.0,328.6066633530124,15.029835429797126,328.6066633530124,328.6066633530124,50124.0,113,intact,1.0,intact|intact|intact,63.958281683450366,0.18082145800144644,False,exterior strut may be contaminated by solid skin/wall,intact,100.0,occupancy=1.000; gap=0.000,232.36
52,10170,460.98935921818355,91.268180981358,375.09294377275216,500.44528170977964,91.57838607982086,335.57249205737065,480.7173204639816,91.42328353058943,355.3327179150614,55.8456099496975,exterior,middle,1:0:-1,1.0,0.0,1.0,1.0,0.0,328.6066633530124,8.518238721584261,328.6066633530124,328.6066633530124,53092.0,113,intact,1.0,intact|intact|intact,56.718804790477975,0.10674795899831224,False,exterior strut may be contaminated by solid skin/wall,intact,100.0,occupancy=1.000; gap=0.000,232.36
53,10797,420.88904719274194,289.00109967899783,297.1529662350278,460.34496968433797,289.3113047774607,257.6325145196462,440.61700843854,289.1562022282293,277.39274037733696,55.84560994969753,interior,middle,1:0:-1,1.0,0.0,1.0,1.0,0.0,348.54,9.150056173717699,328.6066633530124,348.54,52645.0,113,intact,1.0,intact|intact|intact,19.93333664698764,0.09708741700160317,True,,intact,100.0,occupancy=1.000; gap=0.000,232.36
54,12679,539.5185933447499,288.3253503426762,494.4978944792489,500.1391930244789,248.7277934113348,494.3291753671784,519.8288931846143,268.5265718770055,494.41353492321366,55.84560994969755,interior,high,1:1:0,1.0,0.0,1.0,1.0,1.0,272.18404797123765,12.489847602161683,259.7863776259256,284.58171831654965,50014.0,113,intact,1.0,intact|intact|intact,52.22171831654964,0.1500113340007374,True,,intact,90.1,occupancy=1.000; gap=0.000,232.36
55,5459,262.40989019049204,524.6891637561997,456.4400855184913,222.88852302959108,524.7805498156645,416.9839663862812,242.64920661004157,524.7348567859322,436.7120259523863,55.84560994969755,interior,low,1:0:1,1.0,0.0,1.0,1.0,1.7320508075688772,328.6066633530124,39.51197512972264,284.58171831654965,328.6066633530124,50672.0,113,intact,1.0,intact|intact|intact,44.024945036462725,0.13103191599657293,True,,intact,84.6,occupancy=1.000; gap=0.000,232.36
56,9266,420.29902482618104,525.5283929921238,377.33484950455653,380.9196245059102,485.9308360607824,377.1661303924861,400.6093246660456,505.72961452645313,377.2504899485213,55.84560994969751,interior,middle,1:1:0,1.0,0.0,1.0,1.0,0.0,328.6066633530124,10.435828836406884,328.6066633530124,328.6066633530124,51897.0,113,intact,1.0,intact|intact|intact,63.958281683450366,0.16263795900158584,True,,intact,100.0,occupancy=1.000; gap=0.000,232.36
57,12441,500.21571519580414,209.44044157845633,454.64000453972653,539.8136045280303,170.06170368611308,454.40695284448447,520.0146598619172,189.75107263228472,454.5234786921055,55.84560994969752,interior,high,1:-1:0,1.0,0.0,1.0,1.0,1.0,284.58171831654965,1.1453210465880735e-13,284.58171831654965,284.58171831654965,50511.0,113,intact,1.0,intact|intact|intact,63.958281683450366,0.14344966699718498,True,,intact,90.1,occupancy=1.000; gap=0.000,232.36
58,4830,223.5329125634367,326.73742601956184,534.4443956393873,262.98883505503267,327.0476311180247,494.9239439240058,243.26087380923468,326.8925285687933,514.6841697816965,55.845609949697376,interior,low,1:0:-1,1.0,0.0,1.0,1.0,0.0,328.6066633530124,39.73986064827684,284.58171831654965,328.6066633530124,51792.0,113,intact,1.0,intact|intact|intact,44.024945036462725,0.09839445800025715,True,,intact,100.0,occupancy=1.000; gap=0.000,232.36
59,13328,538.939648480209,485.96688298085115,456.0140360737343,578.4610156411098,485.8754969213865,495.4701552059442,558.7003320606594,485.92118995111883,475.74209563983925,55.84560994969733,interior,high,1:0:1,1.0,0.0,1.0,1.0,0.0,348.54,17.869942371611163,328.6066633530124,348.54,51983.0,113,intact,1.0,intact|intact|intact,38.78675520534995,0.1067035419982858,True,,intact,100.0,occupancy=1.000; gap=0.000,232.36
